[[{"class":"Unknown","subClass":"Unknown","subSubClass":"Unknown","object":"c"}],[{"class":"Unknown","subClass":"Unknown","subSubClass":"Unknown","object":"elegans"},{"class":"Unknown","subClass":"Unknown","subSubClass":"Unknown","object":"is"},{"class":"Unknown","subClass":"Unknown","subSubClass":"Unknown","object":"unsegmented"},{"class":"Unknown","subClass":"Unknown","subSubClass":"Unknown","object":"vermiform"},{"class":"Unknown","subClass":"Unknown","subSubClass":"Unknown","object":"bilaterally"},{"class":"Unknown","subClass":"Unknown","subSubClass":"Unknown","object":"symmetrical"}],[{"class":"Unknown","subClass":"Unknown","subSubClass":"Unknown","object":"has"},{"class":"Unknown","subClass":"Unknown","subSubClass":"Unknown","object":"cuticle"},{"class":"Unknown","subClass":"Unknown","subSubClass":"Unknown","object":"(a tough outer covering, as an exoskeleton)"},{"class":"Unknown","subClass":"Unknown","subSubClass":"Unknown","object":"four"},{"class":"Noun","subClass":"Singular","subSubClass":"Unknown","object":"main"},{"class":"Unknown","subClass":"Unknown","subSubClass":"Unknown","object":"epidermal"},{"class":"Unknown","subClass":"Unknown","subSubClass":"Unknown","object":"cords"},{"class":"Unknown","subClass":"Unknown","subSubClass":"Unknown","object":"fluid-filled"},{"class":"Unknown","subClass":"Unknown","subSubClass":"Unknown","object":"pseudocoelom"},{"class":"Unknown","subClass":"Unknown","subSubClass":"Unknown","object":"(body cavity)"}],[{"class":"Unknown","subClass":"Unknown","subSubClass":"Unknown","object":"also"},{"class":"Unknown","subClass":"Unknown","subSubClass":"Unknown","object":"has"},{"class":"Unknown","subClass":"Unknown","subSubClass":"Unknown","object":"of"},{"class":"Unknown","subClass":"Unknown","subSubClass":"Unknown","object":"same"},{"class":"Unknown","subClass":"Unknown","subSubClass":"Unknown","object":"organ"},{"class":"Noun","subClass":"Plural","subSubClass":"Unknown","object":"system"},{"class":"Unknown","subClass":"Unknown","subSubClass":"Unknown","object":"larger"},{"class":"Noun","subClass":"Plural","subSubClass":"Unknown","object":"animal"}],[{"class":"Unknown","subClass":"Unknown","subSubClass":"Unknown","object":"about"},{"class":"Unknown","subClass":"Unknown","subSubClass":"Unknown","object":"in"},{"class":"Unknown","subClass":"Unknown","subSubClass":"Unknown","object":"thousand"},{"class":"Noun","subClass":"Plural","subSubClass":"Unknown","object":"individual"},{"class":"Unknown","subClass":"Unknown","subSubClass":"Unknown","object":"is"},{"class":"Noun","subClass":"Singular","subSubClass":"Unknown","object":"male"},{"class":"RegularVerb","subClass":"Infinitive","subSubClass":"Unknown","object":"rest"},{"class":"Unknown","subClass":"Unknown","subSubClass":"Unknown","object":"are"},{"class":"Unknown","subClass":"Unknown","subSubClass":"Unknown","object":"hermaphrodites"}],[{"class":"Unknown","subClass":"Unknown","subSubClass":"Unknown","object":"basic"},{"class":"Unknown","subClass":"Unknown","subSubClass":"Unknown","object":"anatomy"},{"class":"Unknown","subClass":"Unknown","subSubClass":"Unknown","object":"of"},{"class":"Unknown","subClass":"Unknown","subSubClass":"Unknown","object":"c"}],[{"class":"Unknown","subClass":"Unknown","subSubClass":"Unknown","object":"elegans"},{"class":"Unknown","subClass":"Unknown","subSubClass":"Unknown","object":"includes"},{"class":"Noun","subClass":"Singular","subSubClass":"Unknown","object":"mouth"},{"class":"Unknown","subClass":"Unknown","subSubClass":"Unknown","object":"pharynx"},{"class":"Unknown","subClass":"Unknown","subSubClass":"Unknown","object":"intestine"},{"class":"Unknown","subClass":"Unknown","subSubClass":"Unknown","object":"gonad"},{"class":"Unknown","subClass":"Unknown","subSubClass":"Unknown","object":"collagenous"},{"class":"Unknown","subClass":"Unknown","subSubClass":"Unknown","object":"cuticle"}],[{"class":"RegularVerb","subClass":"Infinitive","subSubClass":"Unknown","object":"like"},{"class":"Unknown","subClass":"Unknown","subSubClass":"Unknown","object":"nematodes"},{"class":"IrregularVerb","subClass":"Infinitive","subSubClass":"Unknown","object":"have"},{"class":"Unknown","subClass":"Unknown","subSubClass":"Unknown","object":"circulatory"},{"class":"Unknown","subClass":"Unknown","subSubClass":"Unknown","object":"nor"},{"class":"Unknown","subClass":"Unknown","subSubClass":"Unknown","object":"respiratory"},{"class":"Noun","subClass":"Singular","subSubClass":"Unknown","object":"system"}],[{"class":"Unknown","subClass":"Unknown","subSubClass":"Unknown","object":"four"},{"class":"Noun","subClass":"Plural","subSubClass":"Unknown","object":"band"},{"class":"Unknown","subClass":"Unknown","subSubClass":"Unknown","object":"of"},{"class":"Noun","subClass":"Plural","subSubClass":"Unknown","object":"muscle"},{"class":"Noun","subClass":"Singular","subSubClass":"Unknown","object":"run"},{"class":"Noun","subClass":"Singular","subSubClass":"Unknown","object":"length"},{"class":"Unknown","subClass":"Unknown","subSubClass":"Unknown","object":"of"},{"class":"Noun","subClass":"Singular","subSubClass":"Unknown","object":"body"},{"class":"Unknown","subClass":"Unknown","subSubClass":"Unknown","object":"are"},{"class":"Unknown","subClass":"Unknown","subSubClass":"Unknown","object":"connected"},{"class":"Adverb","subClass":"Adverb","subSubClass":"Unknown","object":"to"},{"class":"Unknown","subClass":"Unknown","subSubClass":"Unknown","object":"neural"},{"class":"Noun","subClass":"Singular","subSubClass":"Unknown","object":"system"},{"class":"Unknown","subClass":"Unknown","subSubClass":"Unknown","object":"allows"},{"class":"Noun","subClass":"Plural","subSubClass":"Unknown","object":"muscle"},{"class":"Adverb","subClass":"Adverb","subSubClass":"Unknown","object":"to"},{"class":"RegularVerb","subClass":"Infinitive","subSubClass":"Unknown","object":"move"},{"class":"Noun","subClass":"Plural","subSubClass":"Unknown","object":"animal"},{"class":"Noun","subClass":"Singular","subSubClass":"Unknown","object":"body"},{"class":"Adverb","subClass":"Adverb","subSubClass":"Unknown","object":"only"},{"class":"Unknown","subClass":"Unknown","subSubClass":"Unknown","object":"dorsal"},{"class":"Unknown","subClass":"Unknown","subSubClass":"Unknown","object":"bending"},{"class":"Unknown","subClass":"Unknown","subSubClass":"Unknown","object":"ventral"},{"class":"Unknown","subClass":"Unknown","subSubClass":"Unknown","object":"bending"},{"class":"Adverb","subClass":"NegativeAdverb","subSubClass":"Unknown","object":"not"},{"class":"IrregularVerb","subClass":"SimplePast","subSubClass":"Unknown","object":"leave"},{"class":"Unknown","subClass":"Unknown","subSubClass":"Unknown","object":"right"},{"class":"Unknown","subClass":"Unknown","subSubClass":"Unknown","object":"for"},{"class":"Noun","subClass":"Singular","subSubClass":"Unknown","object":"head"},{"class":"Unknown","subClass":"Unknown","subSubClass":"Unknown","object":"four"},{"class":"Noun","subClass":"Singular","subSubClass":"Unknown","object":"muscle"},{"class":"Unknown","subClass":"Unknown","subSubClass":"Unknown","object":"quadrants"},{"class":"Unknown","subClass":"Unknown","subSubClass":"Unknown","object":"are"},{"class":"Unknown","subClass":"Unknown","subSubClass":"Unknown","object":"wired"},{"class":"Unknown","subClass":"Unknown","subSubClass":"Unknown","object":"independently"},{"class":"Unknown","subClass":"Unknown","subSubClass":"Unknown","object":"from"},{"class":"Unknown","subClass":"Unknown","subSubClass":"Unknown","object":"another."},{"class":"Noun","subClass":"Singular","subSubClass":"Unknown","object":"wave"},{"class":"Unknown","subClass":"Unknown","subSubClass":"Unknown","object":"of"},{"class":"Unknown","subClass":"Unknown","subSubClass":"Unknown","object":"dorsal/ventral"},{"class":"Noun","subClass":"Singular","subSubClass":"Unknown","object":"muscle"},{"class":"Unknown","subClass":"Unknown","subSubClass":"Unknown","object":"contractions"},{"class":"Unknown","subClass":"Unknown","subSubClass":"Unknown","object":"proceeds"},{"class":"Unknown","subClass":"Unknown","subSubClass":"Unknown","object":"from"},{"class":"Noun","subClass":"Singular","subSubClass":"Unknown","object":"back"},{"class":"Adverb","subClass":"Adverb","subSubClass":"Unknown","object":"to"},{"class":"Noun","subClass":"Singular","subSubClass":"Unknown","object":"front"},{"class":"Unknown","subClass":"Unknown","subSubClass":"Unknown","object":"of"},{"class":"Noun","subClass":"Singular","subSubClass":"Unknown","object":"animal"},{"class":"Noun","subClass":"Singular","subSubClass":"Unknown","object":"animal"},{"class":"Unknown","subClass":"Unknown","subSubClass":"Unknown","object":"is"},{"class":"Unknown","subClass":"Unknown","subSubClass":"Unknown","object":"propelled"},{"class":"Unknown","subClass":"Unknown","subSubClass":"Unknown","object":"backwards."},{"class":"Noun","subClass":"Singular","subSubClass":"Unknown","object":"wave"},{"class":"Unknown","subClass":"Unknown","subSubClass":"Unknown","object":"of"},{"class":"Unknown","subClass":"Unknown","subSubClass":"Unknown","object":"contractions"},{"class":"Unknown","subClass":"Unknown","subSubClass":"Unknown","object":"is"},{"class":"Unknown","subClass":"Unknown","subSubClass":"Unknown","object":"initiated"},{"class":"Unknown","subClass":"Unknown","subSubClass":"Unknown","object":"at"},{"class":"Noun","subClass":"Singular","subSubClass":"Unknown","object":"front"},{"class":"Unknown","subClass":"Unknown","subSubClass":"Unknown","object":"proceeds"},{"class":"Unknown","subClass":"Unknown","subSubClass":"Unknown","object":"posteriorly"},{"class":"Unknown","subClass":"Unknown","subSubClass":"Unknown","object":"along"},{"class":"Noun","subClass":"Singular","subSubClass":"Unknown","object":"body"},{"class":"Noun","subClass":"Singular","subSubClass":"Unknown","object":"animal"},{"class":"Unknown","subClass":"Unknown","subSubClass":"Unknown","object":"is"},{"class":"Unknown","subClass":"Unknown","subSubClass":"Unknown","object":"propelled"},{"class":"Unknown","subClass":"Unknown","subSubClass":"Unknown","object":"forwards."},{"class":"Unknown","subClass":"Unknown","subSubClass":"Unknown","object":"of"},{"class":"Unknown","subClass":"Unknown","subSubClass":"Unknown","object":"dorsal/ventral"},{"class":"Unknown","subClass":"Unknown","subSubClass":"Unknown","object":"bias"},{"class":"Unknown","subClass":"Unknown","subSubClass":"Unknown","object":"in"},{"class":"Noun","subClass":"Singular","subSubClass":"Unknown","object":"body"},{"class":"Noun","subClass":"Plural","subSubClass":"Unknown","object":"bend"},{"class":"Noun","subClass":"Singular","subSubClass":"Unknown","object":"normal"},{"class":"Noun","subClass":"Singular","subSubClass":"Unknown","object":"living"},{"class":"Unknown","subClass":"Unknown","subSubClass":"Unknown","object":"moving"},{"class":"Noun","subClass":"Singular","subSubClass":"Unknown","object":"individual"},{"class":"Unknown","subClass":"Unknown","subSubClass":"Unknown","object":"tends"},{"class":"Adverb","subClass":"Adverb","subSubClass":"Unknown","object":"to"},{"class":"Noun","subClass":"Singular","subSubClass":"Unknown","object":"lie"},{"class":"Unknown","subClass":"Unknown","subSubClass":"Unknown","object":"on"},{"class":"IrregularVerb","subClass":"SimplePast","subSubClass":"Unknown","object":"leave"},{"class":"Noun","subClass":"Singular","subSubClass":"Unknown","object":"side"},{"class":"Unknown","subClass":"Unknown","subSubClass":"Unknown","object":"right"},{"class":"Noun","subClass":"Singular","subSubClass":"Unknown","object":"side"},{"class":"RegularVerb","subClass":"SimplePast","subSubClass":"Unknown","object":"observe"},{"class":"Unknown","subClass":"Unknown","subSubClass":"Unknown","object":"crossing"},{"class":"Unknown","subClass":"Unknown","subSubClass":"Unknown","object":"horizontal"},{"class":"Unknown","subClass":"Unknown","subSubClass":"Unknown","object":"surface."},{"class":"Noun","subClass":"Singular","subSubClass":"Unknown","object":"set"},{"class":"Unknown","subClass":"Unknown","subSubClass":"Unknown","object":"of"},{"class":"Unknown","subClass":"Unknown","subSubClass":"Unknown","object":"ridges"},{"class":"Unknown","subClass":"Unknown","subSubClass":"Unknown","object":"on"},{"class":"Unknown","subClass":"Unknown","subSubClass":"Unknown","object":"lateral"},{"class":"Noun","subClass":"Plural","subSubClass":"Unknown","object":"side"},{"class":"Unknown","subClass":"Unknown","subSubClass":"Unknown","object":"of"},{"class":"Noun","subClass":"Singular","subSubClass":"Unknown","object":"body"},{"class":"Unknown","subClass":"Unknown","subSubClass":"Unknown","object":"cuticle"},{"class":"Unknown","subClass":"Unknown","subSubClass":"Unknown","object":"alae"},{"class":"Unknown","subClass":"Unknown","subSubClass":"Unknown","object":"is"},{"class":"RegularVerb","subClass":"SimplePast","subSubClass":"Unknown","object":"believe"},{"class":"Adverb","subClass":"Adverb","subSubClass":"Unknown","object":"to"},{"class":"Noun","subClass":"Singular","subSubClass":"Unknown","object":"give"},{"class":"Noun","subClass":"Singular","subSubClass":"Unknown","object":"animal"},{"class":"RegularVerb","subClass":"SimplePast","subSubClass":"Unknown","object":"add"},{"class":"Unknown","subClass":"Unknown","subSubClass":"Unknown","object":"traction"},{"class":"Unknown","subClass":"Unknown","subSubClass":"Unknown","object":"during"},{"class":"Unknown","subClass":"Unknown","subSubClass":"Unknown","object":"bending"},{"class":"Unknown","subClass":"Unknown","subSubClass":"Unknown","object":"motions."},{"class":"Unknown","subClass":"Unknown","subSubClass":"Unknown","object":"lateral"},{"class":"Unknown","subClass":"Unknown","subSubClass":"Unknown","object":"(left)"},{"class":"Noun","subClass":"Singular","subSubClass":"Unknown","object":"side"},{"class":"Unknown","subClass":"Unknown","subSubClass":"Unknown","object":"anatomical"},{"class":"Unknown","subClass":"Unknown","subSubClass":"Unknown","object":"diagram"},{"class":"Unknown","subClass":"Unknown","subSubClass":"Unknown","object":"of"},{"class":"Name","subClass":"Name","subSubClass":"Unknown","object":"an"},{"class":"Unknown","subClass":"Unknown","subSubClass":"Unknown","object":"adult-stage"},{"class":"Unknown","subClass":"Unknown","subSubClass":"Unknown","object":"c."},{"class":"Unknown","subClass":"Unknown","subSubClass":"Unknown","object":"elegans"},{"class":"Unknown","subClass":"Unknown","subSubClass":"Unknown","object":"hermaphrodite"},{"class":"Unknown","subClass":"Unknown","subSubClass":"Unknown","object":"in"},{"class":"Noun","subClass":"Singular","subSubClass":"Unknown","object":"relation"},{"class":"Adverb","subClass":"Adverb","subSubClass":"Unknown","object":"to"},{"class":"Unknown","subClass":"Unknown","subSubClass":"Unknown","object":"lipid"},{"class":"Unknown","subClass":"Unknown","subSubClass":"Unknown","object":"metabolism"},{"class":"Unknown","subClass":"Unknown","subSubClass":"Unknown","object":"c."},{"class":"Unknown","subClass":"Unknown","subSubClass":"Unknown","object":"elegans"},{"class":"Unknown","subClass":"Unknown","subSubClass":"Unknown","object":"does"},{"class":"Adverb","subClass":"NegativeAdverb","subSubClass":"Unknown","object":"not"},{"class":"IrregularVerb","subClass":"Infinitive","subSubClass":"Unknown","object":"have"},{"class":"Unknown","subClass":"Unknown","subSubClass":"Unknown","object":"specialized"},{"class":"Unknown","subClass":"Unknown","subSubClass":"Unknown","object":"adipose"},{"class":"Unknown","subClass":"Unknown","subSubClass":"Unknown","object":"tissues"},{"class":"Unknown","subClass":"Unknown","subSubClass":"Unknown","object":"pancreas"},{"class":"Unknown","subClass":"Unknown","subSubClass":"Unknown","object":"liver"},{"class":"Unknown","subClass":"Unknown","subSubClass":"Unknown","object":"even"},{"class":"Noun","subClass":"Singular","subSubClass":"Unknown","object":"blood"},{"class":"Adverb","subClass":"Adverb","subSubClass":"Unknown","object":"to"},{"class":"RegularVerb","subClass":"Infinitive","subSubClass":"Unknown","object":"deliver"},{"class":"Unknown","subClass":"Unknown","subSubClass":"Unknown","object":"nutrients"},{"class":"Unknown","subClass":"Unknown","subSubClass":"Unknown","object":"compared"},{"class":"Adverb","subClass":"Adverb","subSubClass":"Unknown","object":"to"},{"class":"Unknown","subClass":"Unknown","subSubClass":"Unknown","object":"mammals."},{"class":"Unknown","subClass":"Unknown","subSubClass":"Unknown","object":"neutral"},{"class":"Unknown","subClass":"Unknown","subSubClass":"Unknown","object":"lipids"},{"class":"Unknown","subClass":"Unknown","subSubClass":"Unknown","object":"are"},{"class":"Unknown","subClass":"Unknown","subSubClass":"Unknown","object":"instead"},{"class":"Unknown","subClass":"Unknown","subSubClass":"Unknown","object":"stored"},{"class":"Unknown","subClass":"Unknown","subSubClass":"Unknown","object":"in"},{"class":"Unknown","subClass":"Unknown","subSubClass":"Unknown","object":"intestine"},{"class":"Unknown","subClass":"Unknown","subSubClass":"Unknown","object":"epidermis"},{"class":"Unknown","subClass":"Unknown","subSubClass":"Unknown","object":"embryos."},{"class":"Unknown","subClass":"Unknown","subSubClass":"Unknown","object":"epidermis"},{"class":"Unknown","subClass":"Unknown","subSubClass":"Unknown","object":"corresponds"},{"class":"Adverb","subClass":"Adverb","subSubClass":"Unknown","object":"to"},{"class":"Unknown","subClass":"Unknown","subSubClass":"Unknown","object":"mammalian"},{"class":"Unknown","subClass":"Unknown","subSubClass":"Unknown","object":"adipocytes"},{"class":"Adverb","subClass":"Adverb","subSubClass":"Unknown","object":"by"},{"class":"Noun","subClass":"Singular","subSubClass":"Unknown","object":"being"},{"class":"Noun","subClass":"Singular","subSubClass":"Unknown","object":"main"},{"class":"Unknown","subClass":"Unknown","subSubClass":"Unknown","object":"triglyceride"},{"class":"Unknown","subClass":"Unknown","subSubClass":"Unknown","object":"depot."},{"class":"Unknown","subClass":"Unknown","subSubClass":"Unknown","object":"pharynx"},{"class":"Unknown","subClass":"Unknown","subSubClass":"Unknown","object":"is"},{"class":"Unknown","subClass":"Unknown","subSubClass":"Unknown","object":"muscular"},{"class":"Noun","subClass":"Singular","subSubClass":"Unknown","object":"food"},{"class":"Unknown","subClass":"Unknown","subSubClass":"Unknown","object":"pump"},{"class":"Unknown","subClass":"Unknown","subSubClass":"Unknown","object":"in"},{"class":"Noun","subClass":"Singular","subSubClass":"Unknown","object":"head"},{"class":"Unknown","subClass":"Unknown","subSubClass":"Unknown","object":"of"},{"class":"Unknown","subClass":"Unknown","subSubClass":"Unknown","object":"c."},{"class":"Unknown","subClass":"Unknown","subSubClass":"Unknown","object":"elegans"},{"class":"Unknown","subClass":"Unknown","subSubClass":"Unknown","object":"is"},{"class":"Unknown","subClass":"Unknown","subSubClass":"Unknown","object":"triangular"},{"class":"Unknown","subClass":"Unknown","subSubClass":"Unknown","object":"in"},{"class":"Unknown","subClass":"Unknown","subSubClass":"Unknown","object":"cross-section."},{"class":"Unknown","subClass":"Unknown","subSubClass":"Unknown","object":"grinds"},{"class":"Noun","subClass":"Singular","subSubClass":"Unknown","object":"food"},{"class":"Unknown","subClass":"Unknown","subSubClass":"Unknown","object":"transports"},{"class":"Unknown","subClass":"Unknown","subSubClass":"Unknown","object":"directly"},{"class":"Adverb","subClass":"Adverb","subSubClass":"Unknown","object":"to"},{"class":"Unknown","subClass":"Unknown","subSubClass":"Unknown","object":"intestine."},{"class":"Noun","subClass":"Singular","subSubClass":"Unknown","object":"set"},{"class":"Unknown","subClass":"Unknown","subSubClass":"Unknown","object":"of"},{"class":"Unknown","subClass":"Unknown","subSubClass":"Unknown","object":"valve"},{"class":"Noun","subClass":"Plural","subSubClass":"Unknown","object":"cell"},{"class":"Unknown","subClass":"Unknown","subSubClass":"Unknown","object":"connects"},{"class":"Unknown","subClass":"Unknown","subSubClass":"Unknown","object":"pharynx"},{"class":"Adverb","subClass":"Adverb","subSubClass":"Unknown","object":"to"},{"class":"Unknown","subClass":"Unknown","subSubClass":"Unknown","object":"intestine"},{"class":"Unknown","subClass":"Unknown","subSubClass":"Unknown","object":"how"},{"class":"Unknown","subClass":"Unknown","subSubClass":"Unknown","object":"valve"},{"class":"Unknown","subClass":"Unknown","subSubClass":"Unknown","object":"operates"},{"class":"Unknown","subClass":"Unknown","subSubClass":"Unknown","object":"is"},{"class":"Adverb","subClass":"NegativeAdverb","subSubClass":"Unknown","object":"not"},{"class":"Unknown","subClass":"Unknown","subSubClass":"Unknown","object":"understood."},{"class":"Unknown","subClass":"Unknown","subSubClass":"Unknown","object":"digestion"},{"class":"Unknown","subClass":"Unknown","subSubClass":"Unknown","object":"contents"},{"class":"Unknown","subClass":"Unknown","subSubClass":"Unknown","object":"of"},{"class":"Unknown","subClass":"Unknown","subSubClass":"Unknown","object":"intestine"},{"class":"Unknown","subClass":"Unknown","subSubClass":"Unknown","object":"are"},{"class":"Unknown","subClass":"Unknown","subSubClass":"Unknown","object":"released"},{"class":"Unknown","subClass":"Unknown","subSubClass":"Unknown","object":"via"},{"class":"Unknown","subClass":"Unknown","subSubClass":"Unknown","object":"rectum"},{"class":"Unknown","subClass":"Unknown","subSubClass":"Unknown","object":"is"},{"class":"Noun","subClass":"Singular","subSubClass":"Unknown","object":"case"},{"class":"Unknown","subClass":"Unknown","subSubClass":"Unknown","object":"nematodes."},{"class":"Unknown","subClass":"Unknown","subSubClass":"Unknown","object":"no"},{"class":"Unknown","subClass":"Unknown","subSubClass":"Unknown","object":"direct"},{"class":"Noun","subClass":"Singular","subSubClass":"Unknown","object":"connection"},{"class":"Unknown","subClass":"Unknown","subSubClass":"Unknown","object":"exists"},{"class":"Unknown","subClass":"Unknown","subSubClass":"Unknown","object":"between"},{"class":"Unknown","subClass":"Unknown","subSubClass":"Unknown","object":"pharynx"},{"class":"Unknown","subClass":"Unknown","subSubClass":"Unknown","object":"excretory"},{"class":"Unknown","subClass":"Unknown","subSubClass":"Unknown","object":"canal"},{"class":"Unknown","subClass":"Unknown","subSubClass":"Unknown","object":"functions"},{"class":"Unknown","subClass":"Unknown","subSubClass":"Unknown","object":"in"},{"class":"Noun","subClass":"Singular","subSubClass":"Unknown","object":"release"},{"class":"Unknown","subClass":"Unknown","subSubClass":"Unknown","object":"of"},{"class":"Unknown","subClass":"Unknown","subSubClass":"Unknown","object":"liquid"},{"class":"Unknown","subClass":"Unknown","subSubClass":"Unknown","object":"urine."},{"class":"Noun","subClass":"Plural","subSubClass":"Unknown","object":"male"},{"class":"IrregularVerb","subClass":"Infinitive","subSubClass":"Unknown","object":"have"},{"class":"Unknown","subClass":"Unknown","subSubClass":"Unknown","object":"single-lobed"},{"class":"Unknown","subClass":"Unknown","subSubClass":"Unknown","object":"gonad"},{"class":"Unknown","subClass":"Unknown","subSubClass":"Unknown","object":"vas"},{"class":"Unknown","subClass":"Unknown","subSubClass":"Unknown","object":"deferens"},{"class":"Unknown","subClass":"Unknown","subSubClass":"Unknown","object":"tail"},{"class":"Unknown","subClass":"Unknown","subSubClass":"Unknown","object":"specialized"},{"class":"Unknown","subClass":"Unknown","subSubClass":"Unknown","object":"for"},{"class":"Unknown","subClass":"Unknown","subSubClass":"Unknown","object":"mating"},{"class":"Unknown","subClass":"Unknown","subSubClass":"Unknown","object":"incorporates"},{"class":"Unknown","subClass":"Unknown","subSubClass":"Unknown","object":"spicules."},{"class":"Unknown","subClass":"Unknown","subSubClass":"Unknown","object":"hermaphrodites"},{"class":"IrregularVerb","subClass":"Infinitive","subSubClass":"Unknown","object":"have"},{"class":"Noun","subClass":"Singular","subSubClass":"Unknown","object":"two"},{"class":"Unknown","subClass":"Unknown","subSubClass":"Unknown","object":"ovaries"},{"class":"Unknown","subClass":"Unknown","subSubClass":"Unknown","object":"oviducts"},{"class":"Unknown","subClass":"Unknown","subSubClass":"Unknown","object":"spermatheca"},{"class":"Noun","subClass":"Singular","subSubClass":"Unknown","object":"single"},{"class":"Unknown","subClass":"Unknown","subSubClass":"Unknown","object":"uterus."},{"class":"Unknown","subClass":"Unknown","subSubClass":"Unknown","object":"c."},{"class":"Unknown","subClass":"Unknown","subSubClass":"Unknown","object":"elegans"},{"class":"Unknown","subClass":"Unknown","subSubClass":"Unknown","object":"neurons"},{"class":"Unknown","subClass":"Unknown","subSubClass":"Unknown","object":"contain"},{"class":"Unknown","subClass":"Unknown","subSubClass":"Unknown","object":"dendrites"},{"class":"Unknown","subClass":"Unknown","subSubClass":"Unknown","object":"extend"},{"class":"Unknown","subClass":"Unknown","subSubClass":"Unknown","object":"from"},{"class":"Noun","subClass":"Singular","subSubClass":"Unknown","object":"cell"},{"class":"Adverb","subClass":"Adverb","subSubClass":"Unknown","object":"to"},{"class":"RegularVerb","subClass":"Infinitive","subSubClass":"Unknown","object":"receive"},{"class":"Unknown","subClass":"Unknown","subSubClass":"Unknown","object":"neurotransmitters"},{"class":"Noun","subClass":"Singular","subSubClass":"Unknown","object":"process"},{"class":"Unknown","subClass":"Unknown","subSubClass":"Unknown","object":"extends"},{"class":"Adverb","subClass":"Adverb","subSubClass":"Unknown","object":"to"},{"class":"Noun","subClass":"Singular","subSubClass":"Unknown","object":"nerve"},{"class":"Noun","subClass":"Singular","subSubClass":"Unknown","object":"ring"},{"class":"Unknown","subClass":"Unknown","subSubClass":"Unknown","object":"(the brain)"},{"class":"Unknown","subClass":"Unknown","subSubClass":"Unknown","object":"for"},{"class":"Unknown","subClass":"Unknown","subSubClass":"Unknown","object":"synaptic"},{"class":"Noun","subClass":"Singular","subSubClass":"Unknown","object":"connection"},{"class":"Unknown","subClass":"Unknown","subSubClass":"Unknown","object":"between"},{"class":"Unknown","subClass":"Unknown","subSubClass":"Unknown","object":"neurons."},{"class":"Unknown","subClass":"Unknown","subSubClass":"Unknown","object":"biggest"},{"class":"Noun","subClass":"Singular","subSubClass":"Unknown","object":"difference"},{"class":"Unknown","subClass":"Unknown","subSubClass":"Unknown","object":"is"},{"class":"Unknown","subClass":"Unknown","subSubClass":"Unknown","object":"c."},{"class":"Unknown","subClass":"Unknown","subSubClass":"Unknown","object":"elegans"},{"class":"Unknown","subClass":"Unknown","subSubClass":"Unknown","object":"has"},{"class":"Noun","subClass":"Singular","subSubClass":"Unknown","object":"motor"},{"class":"Unknown","subClass":"Unknown","subSubClass":"Unknown","object":"excitatory"},{"class":"Unknown","subClass":"Unknown","subSubClass":"Unknown","object":"inhibitory"},{"class":"Unknown","subClass":"Unknown","subSubClass":"Unknown","object":"neurons"},{"class":"IrregularVerb","subClass":"PastParticiple","subSubClass":"Unknown","object":"know"},{"class":"Unknown","subClass":"Unknown","subSubClass":"Unknown","object":"cholinergic"},{"class":"Unknown","subClass":"Unknown","subSubClass":"Unknown","object":"gabaergic"},{"class":"Unknown","subClass":"Unknown","subSubClass":"Unknown","object":"neurons"},{"class":"Unknown","subClass":"Unknown","subSubClass":"Unknown","object":"simply"},{"class":"RegularVerb","subClass":"Infinitive","subSubClass":"Unknown","object":"act"},{"class":"Unknown","subClass":"Unknown","subSubClass":"Unknown","object":"further"},{"class":"Unknown","subClass":"Unknown","subSubClass":"Unknown","object":"regulation"},{"class":"Unknown","subClass":"Unknown","subSubClass":"Unknown","object":"for"},{"class":"Unknown","subClass":"Unknown","subSubClass":"Unknown","object":"tiny"},{"class":"Unknown","subClass":"Unknown","subSubClass":"Unknown","object":"creature."},{"class":"IrregularVerb","subClass":"Infinitive","subSubClass":"Unknown","object":"have"},{"class":"Unknown","subClass":"Unknown","subSubClass":"Unknown","object":"no"},{"class":"Noun","subClass":"Singular","subSubClass":"Unknown","object":"influence"},{"class":"Unknown","subClass":"Unknown","subSubClass":"Unknown","object":"on"},{"class":"Unknown","subClass":"Unknown","subSubClass":"Unknown","object":"nervous"},{"class":"Noun","subClass":"Singular","subSubClass":"Unknown","object":"system"},{"class":"Unknown","subClass":"Unknown","subSubClass":"Unknown","object":"besides"},{"class":"Unknown","subClass":"Unknown","subSubClass":"Unknown","object":"regulating"},{"class":"Unknown","subClass":"Unknown","subSubClass":"Unknown","object":"neuron"},{"class":"Unknown","subClass":"Unknown","subSubClass":"Unknown","object":"impulses."}]]