{"nodes":[{"id":"c","label":"c","x":0.7643779831953048,"y":0.8653945590132526,"size":2,"class":"Unknown","subClass":"Unknown","subSubClass":"Unknown"},{"id":"elegans","label":"elegans","x":0.21979166864266086,"y":0.4531872951381284,"size":7,"class":"Unknown","subClass":"Unknown","subSubClass":"Unknown"},{"id":"is","label":"is","x":0.8073968304997288,"y":0.35200129480113085,"size":11,"class":"Unknown","subClass":"Unknown","subSubClass":"Unknown"},{"id":"unsegmented","label":"unsegmented","x":0.18945713535737085,"y":0.45526195972476513,"size":1,"class":"Unknown","subClass":"Unknown","subSubClass":"Unknown"},{"id":"vermiform","label":"vermiform","x":0.7516905685818527,"y":0.7536089960742174,"size":1,"class":"Unknown","subClass":"Unknown","subSubClass":"Unknown"},{"id":"bilaterally","label":"bilaterally","x":0.2629473525208472,"y":0.46552538339331506,"size":1,"class":"Unknown","subClass":"Unknown","subSubClass":"Unknown"},{"id":"symmetrical","label":"symmetrical","x":0.16399110738603495,"y":0.80058843742253,"size":1,"class":"Unknown","subClass":"Unknown","subSubClass":"Unknown"},{"id":"has","label":"has","x":0.6054850211538487,"y":0.8091451641344434,"size":3,"class":"Unknown","subClass":"Unknown","subSubClass":"Unknown"},{"id":"cuticle","label":"cuticle","x":0.24655621276786532,"y":0.26361008885196613,"size":3,"class":"Unknown","subClass":"Unknown","subSubClass":"Unknown"},{"id":"(a tough outer covering, as an exoskeleton)","label":"(a tough outer covering, as an exoskeleton)","x":0.04197173884889671,"y":0.8763464286989959,"size":1,"class":"Unknown","subClass":"Unknown","subSubClass":"Unknown"},{"id":"four","label":"four","x":0.3587257495156817,"y":0.5579121361338901,"size":3,"class":"Unknown","subClass":"Unknown","subSubClass":"Unknown"},{"id":"main","label":"main","x":0.2527518969474478,"y":0.6317354961611323,"size":2,"class":"Noun","subClass":"Singular","subSubClass":"Unknown"},{"id":"epidermal","label":"epidermal","x":0.7360561328886197,"y":0.0651823344969864,"size":1,"class":"Unknown","subClass":"Unknown","subSubClass":"Unknown"},{"id":"cords","label":"cords","x":0.35338341757395964,"y":0.18904238694391373,"size":1,"class":"Unknown","subClass":"Unknown","subSubClass":"Unknown"},{"id":"fluid-filled","label":"fluid-filled","x":0.14703146354019125,"y":0.5130557522959098,"size":1,"class":"Unknown","subClass":"Unknown","subSubClass":"Unknown"},{"id":"pseudocoelom","label":"pseudocoelom","x":0.6414476645913745,"y":0.4240427370759088,"size":1,"class":"Unknown","subClass":"Unknown","subSubClass":"Unknown"},{"id":"(body cavity)","label":"(body cavity)","x":0.34495753839426824,"y":0.09911670424957886,"size":1,"class":"Unknown","subClass":"Unknown","subSubClass":"Unknown"},{"id":"also","label":"also","x":0.447496199805141,"y":0.3131633084192893,"size":1,"class":"Unknown","subClass":"Unknown","subSubClass":"Unknown"},{"id":"of","label":"of","x":0.45825408679846347,"y":0.4689186037461468,"size":15,"class":"Unknown","subClass":"Unknown","subSubClass":"Unknown"},{"id":"same","label":"same","x":0.7381696336151908,"y":0.39654178984348754,"size":1,"class":"Unknown","subClass":"Unknown","subSubClass":"Unknown"},{"id":"organ","label":"organ","x":0.19852625376663946,"y":0.9302667050878899,"size":1,"class":"Unknown","subClass":"Unknown","subSubClass":"Unknown"},{"id":"system","label":"system","x":0.779897464119776,"y":0.9038487444051679,"size":4,"class":"Noun","subClass":"Plural","subSubClass":"Unknown"},{"id":"larger","label":"larger","x":0.7107240656476879,"y":0.6333511996559067,"size":1,"class":"Unknown","subClass":"Unknown","subSubClass":"Unknown"},{"id":"animal","label":"animal","x":0.3632625691525646,"y":0.5943476441222995,"size":6,"class":"Noun","subClass":"Plural","subSubClass":"Unknown"},{"id":"about","label":"about","x":0.8867370075763314,"y":0.7157504316952461,"size":1,"class":"Unknown","subClass":"Unknown","subSubClass":"Unknown"},{"id":"in","label":"in","x":0.5239690328465247,"y":0.43957045749645873,"size":7,"class":"Unknown","subClass":"Unknown","subSubClass":"Unknown"},{"id":"thousand","label":"thousand","x":0.8383904844629069,"y":0.7994505663226277,"size":1,"class":"Unknown","subClass":"Unknown","subSubClass":"Unknown"},{"id":"individual","label":"individual","x":0.6759378570173367,"y":0.1620071273572834,"size":2,"class":"Noun","subClass":"Plural","subSubClass":"Unknown"},{"id":"male","label":"male","x":0.9687477112783274,"y":0.5077447578965959,"size":2,"class":"Noun","subClass":"Singular","subSubClass":"Unknown"},{"id":"rest","label":"rest","x":0.9570898427768579,"y":0.15951363564363774,"size":1,"class":"RegularVerb","subClass":"Infinitive","subSubClass":"Unknown"},{"id":"are","label":"are","x":0.565693533526554,"y":0.19147569360297512,"size":5,"class":"Unknown","subClass":"Unknown","subSubClass":"Unknown"},{"id":"hermaphrodites","label":"hermaphrodites","x":0.49444137479829076,"y":0.3744075374237592,"size":2,"class":"Unknown","subClass":"Unknown","subSubClass":"Unknown"},{"id":"basic","label":"basic","x":0.14581620885064073,"y":0.4808952815780243,"size":1,"class":"Unknown","subClass":"Unknown","subSubClass":"Unknown"},{"id":"anatomy","label":"anatomy","x":0.8869659590416055,"y":0.03890330437225753,"size":1,"class":"Unknown","subClass":"Unknown","subSubClass":"Unknown"},{"id":"includes","label":"includes","x":0.3973750417181965,"y":0.5401869350951716,"size":1,"class":"Unknown","subClass":"Unknown","subSubClass":"Unknown"},{"id":"mouth","label":"mouth","x":0.7571088290469243,"y":0.9464574725488872,"size":1,"class":"Noun","subClass":"Singular","subSubClass":"Unknown"},{"id":"pharynx","label":"pharynx","x":0.8319989328284909,"y":0.1515139343671721,"size":4,"class":"Unknown","subClass":"Unknown","subSubClass":"Unknown"},{"id":"intestine","label":"intestine","x":0.6769745794485003,"y":0.40134309848057037,"size":4,"class":"Unknown","subClass":"Unknown","subSubClass":"Unknown"},{"id":"gonad","label":"gonad","x":0.8972072817257046,"y":0.3422807252773026,"size":2,"class":"Unknown","subClass":"Unknown","subSubClass":"Unknown"},{"id":"collagenous","label":"collagenous","x":0.21560102934232317,"y":0.011108205875361099,"size":1,"class":"Unknown","subClass":"Unknown","subSubClass":"Unknown"},{"id":"like","label":"like","x":0.05755849908696997,"y":0.019760790706889075,"size":1,"class":"RegularVerb","subClass":"Infinitive","subSubClass":"Unknown"},{"id":"nematodes","label":"nematodes","x":0.028594142238685283,"y":0.8213606849790949,"size":1,"class":"Unknown","subClass":"Unknown","subSubClass":"Unknown"},{"id":"have","label":"have","x":0.7140987384373556,"y":0.9960749868576657,"size":5,"class":"IrregularVerb","subClass":"Infinitive","subSubClass":"Unknown"},{"id":"circulatory","label":"circulatory","x":0.5475358684098122,"y":0.8860139325342744,"size":1,"class":"Unknown","subClass":"Unknown","subSubClass":"Unknown"},{"id":"nor","label":"nor","x":0.5811660262952223,"y":0.06904082360068164,"size":1,"class":"Unknown","subClass":"Unknown","subSubClass":"Unknown"},{"id":"respiratory","label":"respiratory","x":0.04738980964268502,"y":0.6037083300793289,"size":1,"class":"Unknown","subClass":"Unknown","subSubClass":"Unknown"},{"id":"band","label":"band","x":0.01627186534558267,"y":0.1603976561352105,"size":1,"class":"Noun","subClass":"Plural","subSubClass":"Unknown"},{"id":"muscle","label":"muscle","x":0.10350444814635407,"y":0.3939290858020732,"size":4,"class":"Noun","subClass":"Plural","subSubClass":"Unknown"},{"id":"run","label":"run","x":0.2521441272319156,"y":0.505572872805987,"size":1,"class":"Noun","subClass":"Singular","subSubClass":"Unknown"},{"id":"length","label":"length","x":0.3301784495839597,"y":0.9016052722660879,"size":1,"class":"Noun","subClass":"Singular","subSubClass":"Unknown"},{"id":"body","label":"body","x":0.767736207414123,"y":0.1419576599071677,"size":5,"class":"Noun","subClass":"Singular","subSubClass":"Unknown"},{"id":"connected","label":"connected","x":0.26399798086093806,"y":0.3605180848875713,"size":1,"class":"Unknown","subClass":"Unknown","subSubClass":"Unknown"},{"id":"to","label":"to","x":0.22665275905878945,"y":0.7106247933783225,"size":13,"class":"Adverb","subClass":"Adverb","subSubClass":"Unknown"},{"id":"neural","label":"neural","x":0.4559662320318676,"y":0.42980977117589503,"size":1,"class":"Unknown","subClass":"Unknown","subSubClass":"Unknown"},{"id":"allows","label":"allows","x":0.7948920107225406,"y":0.3768716664795344,"size":1,"class":"Unknown","subClass":"Unknown","subSubClass":"Unknown"},{"id":"move","label":"move","x":0.051337128023561274,"y":0.899792467959923,"size":1,"class":"RegularVerb","subClass":"Infinitive","subSubClass":"Unknown"},{"id":"only","label":"only","x":0.9515749277985122,"y":0.02605091731721343,"size":1,"class":"Adverb","subClass":"Adverb","subSubClass":"Unknown"},{"id":"dorsal","label":"dorsal","x":0.15905974690661306,"y":0.014688155530018454,"size":1,"class":"Unknown","subClass":"Unknown","subSubClass":"Unknown"},{"id":"bending","label":"bending","x":0.9352563340623434,"y":0.9586540580571887,"size":3,"class":"Unknown","subClass":"Unknown","subSubClass":"Unknown"},{"id":"ventral","label":"ventral","x":0.38623541263030203,"y":0.19040663875829233,"size":1,"class":"Unknown","subClass":"Unknown","subSubClass":"Unknown"},{"id":"not","label":"not","x":0.14114415348516385,"y":0.5963080125069888,"size":3,"class":"Adverb","subClass":"NegativeAdverb","subSubClass":"Unknown"},{"id":"leave","label":"leave","x":0.5260815891246557,"y":0.7591292692171174,"size":2,"class":"IrregularVerb","subClass":"SimplePast","subSubClass":"Unknown"},{"id":"right","label":"right","x":0.5309996321242778,"y":0.4510938184159603,"size":2,"class":"Unknown","subClass":"Unknown","subSubClass":"Unknown"},{"id":"for","label":"for","x":0.9008077467121438,"y":0.20456607721200548,"size":4,"class":"Unknown","subClass":"Unknown","subSubClass":"Unknown"},{"id":"head","label":"head","x":0.9603092852405144,"y":0.2032122563349652,"size":2,"class":"Noun","subClass":"Singular","subSubClass":"Unknown"},{"id":"quadrants","label":"quadrants","x":0.9212093575027689,"y":0.5284089825044802,"size":1,"class":"Unknown","subClass":"Unknown","subSubClass":"Unknown"},{"id":"wired","label":"wired","x":0.06171777718871185,"y":0.5738043183493458,"size":1,"class":"Unknown","subClass":"Unknown","subSubClass":"Unknown"},{"id":"independently","label":"independently","x":0.40975725176029587,"y":0.8793087131836204,"size":1,"class":"Unknown","subClass":"Unknown","subSubClass":"Unknown"},{"id":"from","label":"from","x":0.712586909335907,"y":0.39434912219124185,"size":3,"class":"Unknown","subClass":"Unknown","subSubClass":"Unknown"},{"id":"another.","label":"another.","x":0.7242483403246609,"y":0.6126901215273706,"size":1,"class":"Unknown","subClass":"Unknown","subSubClass":"Unknown"},{"id":"wave","label":"wave","x":0.6541572226121819,"y":0.041972540815891746,"size":2,"class":"Noun","subClass":"Singular","subSubClass":"Unknown"},{"id":"dorsal/ventral","label":"dorsal/ventral","x":0.512007593860657,"y":0.5783785106049704,"size":2,"class":"Unknown","subClass":"Unknown","subSubClass":"Unknown"},{"id":"contractions","label":"contractions","x":0.22282750721255784,"y":0.5327794755621789,"size":2,"class":"Unknown","subClass":"Unknown","subSubClass":"Unknown"},{"id":"proceeds","label":"proceeds","x":0.18501110291207645,"y":0.9446421074328293,"size":2,"class":"Unknown","subClass":"Unknown","subSubClass":"Unknown"},{"id":"back","label":"back","x":0.16254338048391537,"y":0.0890638226339282,"size":1,"class":"Noun","subClass":"Singular","subSubClass":"Unknown"},{"id":"front","label":"front","x":0.795382029587935,"y":0.6206788456104293,"size":2,"class":"Noun","subClass":"Singular","subSubClass":"Unknown"},{"id":"propelled","label":"propelled","x":0.42640901762030836,"y":0.28498415554392165,"size":2,"class":"Unknown","subClass":"Unknown","subSubClass":"Unknown"},{"id":"backwards.","label":"backwards.","x":0.059329410516000713,"y":0.5791308672728992,"size":1,"class":"Unknown","subClass":"Unknown","subSubClass":"Unknown"},{"id":"initiated","label":"initiated","x":0.5817594384023068,"y":0.6621891452680015,"size":1,"class":"Unknown","subClass":"Unknown","subSubClass":"Unknown"},{"id":"at","label":"at","x":0.3871893130524149,"y":0.1968572107119988,"size":1,"class":"Unknown","subClass":"Unknown","subSubClass":"Unknown"},{"id":"posteriorly","label":"posteriorly","x":0.596748247838512,"y":0.6091282383481473,"size":1,"class":"Unknown","subClass":"Unknown","subSubClass":"Unknown"},{"id":"along","label":"along","x":0.5954647787653666,"y":0.7800290306046187,"size":1,"class":"Unknown","subClass":"Unknown","subSubClass":"Unknown"},{"id":"forwards.","label":"forwards.","x":0.28864373228655515,"y":0.5894293722707704,"size":1,"class":"Unknown","subClass":"Unknown","subSubClass":"Unknown"},{"id":"bias","label":"bias","x":0.08518577081822376,"y":0.6785997160616688,"size":1,"class":"Unknown","subClass":"Unknown","subSubClass":"Unknown"},{"id":"bend","label":"bend","x":0.2121225471060293,"y":0.6026696210952471,"size":1,"class":"Noun","subClass":"Plural","subSubClass":"Unknown"},{"id":"normal","label":"normal","x":0.7969598025101678,"y":0.306522380657807,"size":1,"class":"Noun","subClass":"Singular","subSubClass":"Unknown"},{"id":"living","label":"living","x":0.6722815252854524,"y":0.7801988301099045,"size":1,"class":"Noun","subClass":"Singular","subSubClass":"Unknown"},{"id":"moving","label":"moving","x":0.7531233632130112,"y":0.2737946814755081,"size":1,"class":"Unknown","subClass":"Unknown","subSubClass":"Unknown"},{"id":"tends","label":"tends","x":0.10980134767097316,"y":0.5860043663744203,"size":1,"class":"Unknown","subClass":"Unknown","subSubClass":"Unknown"},{"id":"lie","label":"lie","x":0.41237348366100623,"y":0.9263285779839459,"size":1,"class":"Noun","subClass":"Singular","subSubClass":"Unknown"},{"id":"on","label":"on","x":0.08731062101138942,"y":0.012672897553512863,"size":3,"class":"Unknown","subClass":"Unknown","subSubClass":"Unknown"},{"id":"side","label":"side","x":0.6189878936697952,"y":0.6037383494019395,"size":4,"class":"Noun","subClass":"Singular","subSubClass":"Unknown"},{"id":"observe","label":"observe","x":0.22946990080306584,"y":0.3165887478596794,"size":1,"class":"RegularVerb","subClass":"SimplePast","subSubClass":"Unknown"},{"id":"crossing","label":"crossing","x":0.8882918994974247,"y":0.6492738818531476,"size":1,"class":"Unknown","subClass":"Unknown","subSubClass":"Unknown"},{"id":"horizontal","label":"horizontal","x":0.9107805101539475,"y":0.5812657903075791,"size":1,"class":"Unknown","subClass":"Unknown","subSubClass":"Unknown"},{"id":"surface.","label":"surface.","x":0.9337920634606938,"y":0.23957327314880494,"size":1,"class":"Unknown","subClass":"Unknown","subSubClass":"Unknown"},{"id":"set","label":"set","x":0.2729384412658762,"y":0.8380053853841123,"size":2,"class":"Noun","subClass":"Singular","subSubClass":"Unknown"},{"id":"ridges","label":"ridges","x":0.34460783122733996,"y":0.41306287111426676,"size":1,"class":"Unknown","subClass":"Unknown","subSubClass":"Unknown"},{"id":"lateral","label":"lateral","x":0.8102710176411247,"y":0.5229438352727676,"size":2,"class":"Unknown","subClass":"Unknown","subSubClass":"Unknown"},{"id":"alae","label":"alae","x":0.7764428327997976,"y":0.08358443968462037,"size":1,"class":"Unknown","subClass":"Unknown","subSubClass":"Unknown"},{"id":"believe","label":"believe","x":0.8687159082269673,"y":0.013528449752342464,"size":1,"class":"RegularVerb","subClass":"SimplePast","subSubClass":"Unknown"},{"id":"give","label":"give","x":0.25568113211228893,"y":0.039203244855751995,"size":1,"class":"Noun","subClass":"Singular","subSubClass":"Unknown"},{"id":"add","label":"add","x":0.10413732546893129,"y":0.8495056051927385,"size":1,"class":"RegularVerb","subClass":"SimplePast","subSubClass":"Unknown"},{"id":"traction","label":"traction","x":0.6953932576955588,"y":0.5243832977752705,"size":1,"class":"Unknown","subClass":"Unknown","subSubClass":"Unknown"},{"id":"during","label":"during","x":0.4263041434368211,"y":0.34362634872411135,"size":1,"class":"Unknown","subClass":"Unknown","subSubClass":"Unknown"},{"id":"motions.","label":"motions.","x":0.5055015105274092,"y":0.7562555615233721,"size":1,"class":"Unknown","subClass":"Unknown","subSubClass":"Unknown"},{"id":"(left)","label":"(left)","x":0.544116529447294,"y":0.5784353498751487,"size":1,"class":"Unknown","subClass":"Unknown","subSubClass":"Unknown"},{"id":"anatomical","label":"anatomical","x":0.010496417080227971,"y":0.4154382516269468,"size":1,"class":"Unknown","subClass":"Unknown","subSubClass":"Unknown"},{"id":"diagram","label":"diagram","x":0.20574788580072734,"y":0.7622568150157016,"size":1,"class":"Unknown","subClass":"Unknown","subSubClass":"Unknown"},{"id":"an","label":"an","x":0.07655813952222923,"y":0.5530514708765788,"size":1,"class":"Name","subClass":"Name","subSubClass":"Unknown"},{"id":"adult-stage","label":"adult-stage","x":0.7933819690202597,"y":0.7165014678090795,"size":1,"class":"Unknown","subClass":"Unknown","subSubClass":"Unknown"},{"id":"c.","label":"c.","x":0.9458134837175027,"y":0.37040473316764855,"size":5,"class":"Unknown","subClass":"Unknown","subSubClass":"Unknown"},{"id":"hermaphrodite","label":"hermaphrodite","x":0.5151269962535705,"y":0.8953077423784506,"size":1,"class":"Unknown","subClass":"Unknown","subSubClass":"Unknown"},{"id":"relation","label":"relation","x":0.9201461369941115,"y":0.6611126480219518,"size":1,"class":"Noun","subClass":"Singular","subSubClass":"Unknown"},{"id":"lipid","label":"lipid","x":0.8943500109779017,"y":0.5157641108554314,"size":1,"class":"Unknown","subClass":"Unknown","subSubClass":"Unknown"},{"id":"metabolism","label":"metabolism","x":0.4039269721159888,"y":0.019569146644851765,"size":1,"class":"Unknown","subClass":"Unknown","subSubClass":"Unknown"},{"id":"does","label":"does","x":0.09923075909709378,"y":0.040663152935501046,"size":1,"class":"Unknown","subClass":"Unknown","subSubClass":"Unknown"},{"id":"specialized","label":"specialized","x":0.9634425077418143,"y":0.6436394062568085,"size":2,"class":"Unknown","subClass":"Unknown","subSubClass":"Unknown"},{"id":"adipose","label":"adipose","x":0.9798403571901282,"y":0.9652195763989255,"size":1,"class":"Unknown","subClass":"Unknown","subSubClass":"Unknown"},{"id":"tissues","label":"tissues","x":0.4920936153351805,"y":0.9525993434884878,"size":1,"class":"Unknown","subClass":"Unknown","subSubClass":"Unknown"},{"id":"pancreas","label":"pancreas","x":0.2867843840770141,"y":0.4682870867378288,"size":1,"class":"Unknown","subClass":"Unknown","subSubClass":"Unknown"},{"id":"liver","label":"liver","x":0.026066329401695176,"y":0.6791843010921421,"size":1,"class":"Unknown","subClass":"Unknown","subSubClass":"Unknown"},{"id":"even","label":"even","x":0.29471205175132975,"y":0.6417893945408999,"size":1,"class":"Unknown","subClass":"Unknown","subSubClass":"Unknown"},{"id":"blood","label":"blood","x":0.1434014383681328,"y":0.686565301954527,"size":1,"class":"Noun","subClass":"Singular","subSubClass":"Unknown"},{"id":"deliver","label":"deliver","x":0.18230986807906913,"y":0.2813590147150671,"size":1,"class":"RegularVerb","subClass":"Infinitive","subSubClass":"Unknown"},{"id":"nutrients","label":"nutrients","x":0.07037299344527037,"y":0.10657230080083191,"size":1,"class":"Unknown","subClass":"Unknown","subSubClass":"Unknown"},{"id":"compared","label":"compared","x":0.22354175916126917,"y":0.4571377446203646,"size":1,"class":"Unknown","subClass":"Unknown","subSubClass":"Unknown"},{"id":"mammals.","label":"mammals.","x":0.4685933721016422,"y":0.5324224652616212,"size":1,"class":"Unknown","subClass":"Unknown","subSubClass":"Unknown"},{"id":"neutral","label":"neutral","x":0.8168559291596946,"y":0.05751351635392754,"size":1,"class":"Unknown","subClass":"Unknown","subSubClass":"Unknown"},{"id":"lipids","label":"lipids","x":0.6045888985435515,"y":0.8703374018391987,"size":1,"class":"Unknown","subClass":"Unknown","subSubClass":"Unknown"},{"id":"instead","label":"instead","x":0.2593617692572461,"y":0.871848740271806,"size":1,"class":"Unknown","subClass":"Unknown","subSubClass":"Unknown"},{"id":"stored","label":"stored","x":0.2712964826042983,"y":0.5147006630467392,"size":1,"class":"Unknown","subClass":"Unknown","subSubClass":"Unknown"},{"id":"epidermis","label":"epidermis","x":0.9216836238898536,"y":0.5630111924034482,"size":2,"class":"Unknown","subClass":"Unknown","subSubClass":"Unknown"},{"id":"embryos.","label":"embryos.","x":0.7643450165611929,"y":0.3500835942443312,"size":1,"class":"Unknown","subClass":"Unknown","subSubClass":"Unknown"},{"id":"corresponds","label":"corresponds","x":0.5273760960441825,"y":0.4437014027534656,"size":1,"class":"Unknown","subClass":"Unknown","subSubClass":"Unknown"},{"id":"mammalian","label":"mammalian","x":0.764728472179395,"y":0.9436764432322167,"size":1,"class":"Unknown","subClass":"Unknown","subSubClass":"Unknown"},{"id":"adipocytes","label":"adipocytes","x":0.020205285163315656,"y":0.5214459233792135,"size":1,"class":"Unknown","subClass":"Unknown","subSubClass":"Unknown"},{"id":"by","label":"by","x":0.2991523504100051,"y":0.48579236385696545,"size":1,"class":"Adverb","subClass":"Adverb","subSubClass":"Unknown"},{"id":"being","label":"being","x":0.5853510671592357,"y":0.8253451859579051,"size":1,"class":"Noun","subClass":"Singular","subSubClass":"Unknown"},{"id":"triglyceride","label":"triglyceride","x":0.4074392280814654,"y":0.4335523890925903,"size":1,"class":"Unknown","subClass":"Unknown","subSubClass":"Unknown"},{"id":"depot.","label":"depot.","x":0.9745539425875567,"y":0.8097995933173552,"size":1,"class":"Unknown","subClass":"Unknown","subSubClass":"Unknown"},{"id":"muscular","label":"muscular","x":0.4111566406555869,"y":0.9031251850804831,"size":1,"class":"Unknown","subClass":"Unknown","subSubClass":"Unknown"},{"id":"food","label":"food","x":0.6109047020267913,"y":0.9533566903999497,"size":2,"class":"Noun","subClass":"Singular","subSubClass":"Unknown"},{"id":"pump","label":"pump","x":0.4264168763819727,"y":0.7054375622852103,"size":1,"class":"Unknown","subClass":"Unknown","subSubClass":"Unknown"},{"id":"triangular","label":"triangular","x":0.6969120963815376,"y":0.7211399792609618,"size":1,"class":"Unknown","subClass":"Unknown","subSubClass":"Unknown"},{"id":"cross-section.","label":"cross-section.","x":0.3974782032105666,"y":0.6432985477172881,"size":1,"class":"Unknown","subClass":"Unknown","subSubClass":"Unknown"},{"id":"grinds","label":"grinds","x":0.5827290212106189,"y":0.25461726666989715,"size":1,"class":"Unknown","subClass":"Unknown","subSubClass":"Unknown"},{"id":"transports","label":"transports","x":0.14999805020543633,"y":0.7138809592929785,"size":1,"class":"Unknown","subClass":"Unknown","subSubClass":"Unknown"},{"id":"directly","label":"directly","x":0.7985731795372464,"y":0.47315097021053143,"size":1,"class":"Unknown","subClass":"Unknown","subSubClass":"Unknown"},{"id":"intestine.","label":"intestine.","x":0.3464654609514286,"y":0.282393385148501,"size":1,"class":"Unknown","subClass":"Unknown","subSubClass":"Unknown"},{"id":"valve","label":"valve","x":0.06792109117456868,"y":0.20277770985276078,"size":2,"class":"Unknown","subClass":"Unknown","subSubClass":"Unknown"},{"id":"cell","label":"cell","x":0.0626155373428825,"y":0.49633018527265693,"size":2,"class":"Noun","subClass":"Plural","subSubClass":"Unknown"},{"id":"connects","label":"connects","x":0.6284426226798618,"y":0.08107802792627727,"size":1,"class":"Unknown","subClass":"Unknown","subSubClass":"Unknown"},{"id":"how","label":"how","x":0.27108741214519605,"y":0.13355777031154736,"size":1,"class":"Unknown","subClass":"Unknown","subSubClass":"Unknown"},{"id":"operates","label":"operates","x":0.22148536015174147,"y":0.7220399226429519,"size":1,"class":"Unknown","subClass":"Unknown","subSubClass":"Unknown"},{"id":"understood.","label":"understood.","x":0.8216134481938531,"y":0.06383911760281569,"size":1,"class":"Unknown","subClass":"Unknown","subSubClass":"Unknown"},{"id":"digestion","label":"digestion","x":0.24279236614030775,"y":0.7562175914191565,"size":1,"class":"Unknown","subClass":"Unknown","subSubClass":"Unknown"},{"id":"contents","label":"contents","x":0.6311676940614563,"y":0.6317591377183673,"size":1,"class":"Unknown","subClass":"Unknown","subSubClass":"Unknown"},{"id":"released","label":"released","x":0.3279749111133674,"y":0.6181929830540887,"size":1,"class":"Unknown","subClass":"Unknown","subSubClass":"Unknown"},{"id":"via","label":"via","x":0.7291282970100836,"y":0.8747364259459718,"size":1,"class":"Unknown","subClass":"Unknown","subSubClass":"Unknown"},{"id":"rectum","label":"rectum","x":0.94301588283236,"y":0.47507361653287483,"size":1,"class":"Unknown","subClass":"Unknown","subSubClass":"Unknown"},{"id":"case","label":"case","x":0.752023365213403,"y":0.6904608705308599,"size":1,"class":"Noun","subClass":"Singular","subSubClass":"Unknown"},{"id":"nematodes.","label":"nematodes.","x":0.5701575138145822,"y":0.6639956872901625,"size":1,"class":"Unknown","subClass":"Unknown","subSubClass":"Unknown"},{"id":"no","label":"no","x":0.6430161728401469,"y":0.025526290729946943,"size":2,"class":"Unknown","subClass":"Unknown","subSubClass":"Unknown"},{"id":"direct","label":"direct","x":0.9195058687778093,"y":0.21513937180760911,"size":1,"class":"Unknown","subClass":"Unknown","subSubClass":"Unknown"},{"id":"connection","label":"connection","x":0.1631727170645474,"y":0.055100806432002214,"size":2,"class":"Noun","subClass":"Singular","subSubClass":"Unknown"},{"id":"exists","label":"exists","x":0.3804022403139744,"y":0.6128941716734382,"size":1,"class":"Unknown","subClass":"Unknown","subSubClass":"Unknown"},{"id":"between","label":"between","x":0.8944096683933205,"y":0.8354146097611783,"size":2,"class":"Unknown","subClass":"Unknown","subSubClass":"Unknown"},{"id":"excretory","label":"excretory","x":0.37529445397064554,"y":0.66298766253242,"size":1,"class":"Unknown","subClass":"Unknown","subSubClass":"Unknown"},{"id":"canal","label":"canal","x":0.7910670056771341,"y":0.3745212838298422,"size":1,"class":"Unknown","subClass":"Unknown","subSubClass":"Unknown"},{"id":"functions","label":"functions","x":0.3633756378651134,"y":0.7615997493826188,"size":1,"class":"Unknown","subClass":"Unknown","subSubClass":"Unknown"},{"id":"release","label":"release","x":0.9906147607191305,"y":0.28026332426534273,"size":1,"class":"Noun","subClass":"Singular","subSubClass":"Unknown"},{"id":"liquid","label":"liquid","x":0.4859904672936397,"y":0.12811527274916434,"size":1,"class":"Unknown","subClass":"Unknown","subSubClass":"Unknown"},{"id":"urine.","label":"urine.","x":0.8159455714123269,"y":0.2414614921398568,"size":1,"class":"Unknown","subClass":"Unknown","subSubClass":"Unknown"},{"id":"single-lobed","label":"single-lobed","x":0.8145106906295256,"y":0.28943481630385515,"size":1,"class":"Unknown","subClass":"Unknown","subSubClass":"Unknown"},{"id":"vas","label":"vas","x":0.5087495065958487,"y":0.09293872049823837,"size":1,"class":"Unknown","subClass":"Unknown","subSubClass":"Unknown"},{"id":"deferens","label":"deferens","x":0.9025643407249129,"y":0.3665573210790505,"size":1,"class":"Unknown","subClass":"Unknown","subSubClass":"Unknown"},{"id":"tail","label":"tail","x":0.6307385096453042,"y":0.5370442223891414,"size":1,"class":"Unknown","subClass":"Unknown","subSubClass":"Unknown"},{"id":"mating","label":"mating","x":0.38384903221304967,"y":0.2861994234562857,"size":1,"class":"Unknown","subClass":"Unknown","subSubClass":"Unknown"},{"id":"incorporates","label":"incorporates","x":0.053683775814749035,"y":0.15171897523360367,"size":1,"class":"Unknown","subClass":"Unknown","subSubClass":"Unknown"},{"id":"spicules.","label":"spicules.","x":0.3976887635801325,"y":0.26702475885848154,"size":1,"class":"Unknown","subClass":"Unknown","subSubClass":"Unknown"},{"id":"two","label":"two","x":0.33801739082953675,"y":0.07233194046828939,"size":1,"class":"Noun","subClass":"Singular","subSubClass":"Unknown"},{"id":"ovaries","label":"ovaries","x":0.7258434285702979,"y":0.8037895441847533,"size":1,"class":"Unknown","subClass":"Unknown","subSubClass":"Unknown"},{"id":"oviducts","label":"oviducts","x":0.7200581786464153,"y":0.19035628678755656,"size":1,"class":"Unknown","subClass":"Unknown","subSubClass":"Unknown"},{"id":"spermatheca","label":"spermatheca","x":0.8136651928699894,"y":0.9412354305456057,"size":1,"class":"Unknown","subClass":"Unknown","subSubClass":"Unknown"},{"id":"single","label":"single","x":0.3587517121043504,"y":0.4822194354219884,"size":1,"class":"Noun","subClass":"Singular","subSubClass":"Unknown"},{"id":"uterus.","label":"uterus.","x":0.12562549139956825,"y":0.862369719714785,"size":1,"class":"Unknown","subClass":"Unknown","subSubClass":"Unknown"},{"id":"neurons","label":"neurons","x":0.6801299131808447,"y":0.5976673933079772,"size":3,"class":"Unknown","subClass":"Unknown","subSubClass":"Unknown"},{"id":"contain","label":"contain","x":0.6580632475280059,"y":0.8989473391977678,"size":1,"class":"Unknown","subClass":"Unknown","subSubClass":"Unknown"},{"id":"dendrites","label":"dendrites","x":0.13509767351633672,"y":0.06966398161914733,"size":1,"class":"Unknown","subClass":"Unknown","subSubClass":"Unknown"},{"id":"extend","label":"extend","x":0.6407557238275527,"y":0.3007386890831305,"size":1,"class":"Unknown","subClass":"Unknown","subSubClass":"Unknown"},{"id":"receive","label":"receive","x":0.41403392876567335,"y":0.05572186813094748,"size":1,"class":"RegularVerb","subClass":"Infinitive","subSubClass":"Unknown"},{"id":"neurotransmitters","label":"neurotransmitters","x":0.23730711429006202,"y":0.628634759424678,"size":1,"class":"Unknown","subClass":"Unknown","subSubClass":"Unknown"},{"id":"process","label":"process","x":0.2137223084443105,"y":0.8389189544170379,"size":1,"class":"Noun","subClass":"Singular","subSubClass":"Unknown"},{"id":"extends","label":"extends","x":0.7452701771391288,"y":0.7256371759759594,"size":1,"class":"Unknown","subClass":"Unknown","subSubClass":"Unknown"},{"id":"nerve","label":"nerve","x":0.06920383665874685,"y":0.7516925424190988,"size":1,"class":"Noun","subClass":"Singular","subSubClass":"Unknown"},{"id":"ring","label":"ring","x":0.35859650842968693,"y":0.6278718985239244,"size":1,"class":"Noun","subClass":"Singular","subSubClass":"Unknown"},{"id":"(the brain)","label":"(the brain)","x":0.7658509311704516,"y":0.6263938867079155,"size":1,"class":"Unknown","subClass":"Unknown","subSubClass":"Unknown"},{"id":"synaptic","label":"synaptic","x":0.5603733883650155,"y":0.48650476590733427,"size":1,"class":"Unknown","subClass":"Unknown","subSubClass":"Unknown"},{"id":"neurons.","label":"neurons.","x":0.05747477253049871,"y":0.7704603301992499,"size":1,"class":"Unknown","subClass":"Unknown","subSubClass":"Unknown"},{"id":"biggest","label":"biggest","x":0.3431385291583027,"y":0.8928473872315799,"size":1,"class":"Unknown","subClass":"Unknown","subSubClass":"Unknown"},{"id":"difference","label":"difference","x":0.6999384443389052,"y":0.3106604927340213,"size":1,"class":"Noun","subClass":"Singular","subSubClass":"Unknown"},{"id":"motor","label":"motor","x":0.7847603008155855,"y":0.6116457260784485,"size":1,"class":"Noun","subClass":"Singular","subSubClass":"Unknown"},{"id":"excitatory","label":"excitatory","x":0.9674254226770687,"y":0.6206102324024092,"size":1,"class":"Unknown","subClass":"Unknown","subSubClass":"Unknown"},{"id":"inhibitory","label":"inhibitory","x":0.7525456743016965,"y":0.7456589791203527,"size":1,"class":"Unknown","subClass":"Unknown","subSubClass":"Unknown"},{"id":"know","label":"know","x":0.5557431435304956,"y":0.627993950691718,"size":1,"class":"IrregularVerb","subClass":"PastParticiple","subSubClass":"Unknown"},{"id":"cholinergic","label":"cholinergic","x":0.5741485042861638,"y":0.3319904090641943,"size":1,"class":"Unknown","subClass":"Unknown","subSubClass":"Unknown"},{"id":"gabaergic","label":"gabaergic","x":0.9765036404031722,"y":0.25805758641433707,"size":1,"class":"Unknown","subClass":"Unknown","subSubClass":"Unknown"},{"id":"simply","label":"simply","x":0.8824957794844224,"y":0.6649802338729696,"size":1,"class":"Unknown","subClass":"Unknown","subSubClass":"Unknown"},{"id":"act","label":"act","x":0.7284500532196987,"y":0.6100861487957867,"size":1,"class":"RegularVerb","subClass":"Infinitive","subSubClass":"Unknown"},{"id":"further","label":"further","x":0.886381002486633,"y":0.8127376655046032,"size":1,"class":"Unknown","subClass":"Unknown","subSubClass":"Unknown"},{"id":"regulation","label":"regulation","x":0.7615631744622138,"y":0.25989738872696444,"size":1,"class":"Unknown","subClass":"Unknown","subSubClass":"Unknown"},{"id":"tiny","label":"tiny","x":0.0022666889685170055,"y":0.4596372221819389,"size":1,"class":"Unknown","subClass":"Unknown","subSubClass":"Unknown"},{"id":"creature.","label":"creature.","x":0.19129148394498152,"y":0.18095712876245806,"size":1,"class":"Unknown","subClass":"Unknown","subSubClass":"Unknown"},{"id":"influence","label":"influence","x":0.6901142441105257,"y":0.09891423596150628,"size":1,"class":"Noun","subClass":"Singular","subSubClass":"Unknown"},{"id":"nervous","label":"nervous","x":0.09801048281169433,"y":0.8187362611618576,"size":1,"class":"Unknown","subClass":"Unknown","subSubClass":"Unknown"},{"id":"besides","label":"besides","x":0.9904552528706179,"y":0.8512347250311763,"size":1,"class":"Unknown","subClass":"Unknown","subSubClass":"Unknown"},{"id":"regulating","label":"regulating","x":0.5946476144567616,"y":0.23605662479215228,"size":1,"class":"Unknown","subClass":"Unknown","subSubClass":"Unknown"},{"id":"neuron","label":"neuron","x":0.17053825407641,"y":0.49224894203209746,"size":1,"class":"Unknown","subClass":"Unknown","subSubClass":"Unknown"},{"id":"impulses.","label":"impulses.","x":0.198063183153961,"y":0.5435094570621839,"size":1,"class":"Unknown","subClass":"Unknown","subSubClass":"Unknown"}],"edges":[{"id":"e0","label":"2","source":"elegans","target":"is","size":2,"type":"arrow"},{"id":"e1","label":"1","source":"is","target":"unsegmented","size":1,"type":"arrow"},{"id":"e2","label":"1","source":"unsegmented","target":"vermiform","size":1,"type":"arrow"},{"id":"e3","label":"1","source":"vermiform","target":"bilaterally","size":1,"type":"arrow"},{"id":"e4","label":"1","source":"bilaterally","target":"symmetrical","size":1,"type":"arrow"},{"id":"e5","label":"1","source":"has","target":"cuticle","size":1,"type":"arrow"},{"id":"e6","label":"1","source":"cuticle","target":"(a tough outer covering, as an exoskeleton)","size":1,"type":"arrow"},{"id":"e7","label":"1","source":"(a tough outer covering, as an exoskeleton)","target":"four","size":1,"type":"arrow"},{"id":"e8","label":"1","source":"four","target":"main","size":1,"type":"arrow"},{"id":"e9","label":"1","source":"main","target":"epidermal","size":1,"type":"arrow"},{"id":"e10","label":"1","source":"epidermal","target":"cords","size":1,"type":"arrow"},{"id":"e11","label":"1","source":"cords","target":"fluid-filled","size":1,"type":"arrow"},{"id":"e12","label":"1","source":"fluid-filled","target":"pseudocoelom","size":1,"type":"arrow"},{"id":"e13","label":"1","source":"pseudocoelom","target":"(body cavity)","size":1,"type":"arrow"},{"id":"e14","label":"1","source":"also","target":"has","size":1,"type":"arrow"},{"id":"e15","label":"1","source":"has","target":"of","size":1,"type":"arrow"},{"id":"e16","label":"1","source":"of","target":"same","size":1,"type":"arrow"},{"id":"e17","label":"1","source":"same","target":"organ","size":1,"type":"arrow"},{"id":"e18","label":"1","source":"organ","target":"system","size":1,"type":"arrow"},{"id":"e19","label":"1","source":"system","target":"larger","size":1,"type":"arrow"},{"id":"e20","label":"1","source":"larger","target":"animal","size":1,"type":"arrow"},{"id":"e21","label":"1","source":"about","target":"in","size":1,"type":"arrow"},{"id":"e22","label":"1","source":"in","target":"thousand","size":1,"type":"arrow"},{"id":"e23","label":"1","source":"thousand","target":"individual","size":1,"type":"arrow"},{"id":"e24","label":"1","source":"individual","target":"is","size":1,"type":"arrow"},{"id":"e25","label":"1","source":"is","target":"male","size":1,"type":"arrow"},{"id":"e26","label":"1","source":"male","target":"rest","size":1,"type":"arrow"},{"id":"e27","label":"1","source":"rest","target":"are","size":1,"type":"arrow"},{"id":"e28","label":"1","source":"are","target":"hermaphrodites","size":1,"type":"arrow"},{"id":"e29","label":"1","source":"basic","target":"anatomy","size":1,"type":"arrow"},{"id":"e30","label":"1","source":"anatomy","target":"of","size":1,"type":"arrow"},{"id":"e31","label":"1","source":"of","target":"c","size":1,"type":"arrow"},{"id":"e32","label":"1","source":"elegans","target":"includes","size":1,"type":"arrow"},{"id":"e33","label":"1","source":"includes","target":"mouth","size":1,"type":"arrow"},{"id":"e34","label":"1","source":"mouth","target":"pharynx","size":1,"type":"arrow"},{"id":"e35","label":"1","source":"pharynx","target":"intestine","size":1,"type":"arrow"},{"id":"e36","label":"1","source":"intestine","target":"gonad","size":1,"type":"arrow"},{"id":"e37","label":"1","source":"gonad","target":"collagenous","size":1,"type":"arrow"},{"id":"e38","label":"1","source":"collagenous","target":"cuticle","size":1,"type":"arrow"},{"id":"e39","label":"1","source":"like","target":"nematodes","size":1,"type":"arrow"},{"id":"e40","label":"1","source":"nematodes","target":"have","size":1,"type":"arrow"},{"id":"e41","label":"1","source":"have","target":"circulatory","size":1,"type":"arrow"},{"id":"e42","label":"1","source":"circulatory","target":"nor","size":1,"type":"arrow"},{"id":"e43","label":"1","source":"nor","target":"respiratory","size":1,"type":"arrow"},{"id":"e44","label":"1","source":"respiratory","target":"system","size":1,"type":"arrow"},{"id":"e45","label":"1","source":"four","target":"band","size":1,"type":"arrow"},{"id":"e46","label":"1","source":"band","target":"of","size":1,"type":"arrow"},{"id":"e47","label":"1","source":"of","target":"muscle","size":1,"type":"arrow"},{"id":"e48","label":"1","source":"muscle","target":"run","size":1,"type":"arrow"},{"id":"e49","label":"1","source":"run","target":"length","size":1,"type":"arrow"},{"id":"e50","label":"1","source":"length","target":"of","size":1,"type":"arrow"},{"id":"e51","label":"2","source":"of","target":"body","size":2,"type":"arrow"},{"id":"e52","label":"1","source":"body","target":"are","size":1,"type":"arrow"},{"id":"e53","label":"1","source":"are","target":"connected","size":1,"type":"arrow"},{"id":"e54","label":"1","source":"connected","target":"to","size":1,"type":"arrow"},{"id":"e55","label":"1","source":"to","target":"neural","size":1,"type":"arrow"},{"id":"e56","label":"1","source":"neural","target":"system","size":1,"type":"arrow"},{"id":"e57","label":"1","source":"system","target":"allows","size":1,"type":"arrow"},{"id":"e58","label":"1","source":"allows","target":"muscle","size":1,"type":"arrow"},{"id":"e59","label":"1","source":"muscle","target":"to","size":1,"type":"arrow"},{"id":"e60","label":"1","source":"to","target":"move","size":1,"type":"arrow"},{"id":"e61","label":"1","source":"move","target":"animal","size":1,"type":"arrow"},{"id":"e62","label":"1","source":"animal","target":"body","size":1,"type":"arrow"},{"id":"e63","label":"1","source":"body","target":"only","size":1,"type":"arrow"},{"id":"e64","label":"1","source":"only","target":"dorsal","size":1,"type":"arrow"},{"id":"e65","label":"1","source":"dorsal","target":"bending","size":1,"type":"arrow"},{"id":"e66","label":"1","source":"bending","target":"ventral","size":1,"type":"arrow"},{"id":"e67","label":"1","source":"ventral","target":"bending","size":1,"type":"arrow"},{"id":"e68","label":"1","source":"bending","target":"not","size":1,"type":"arrow"},{"id":"e69","label":"1","source":"not","target":"leave","size":1,"type":"arrow"},{"id":"e70","label":"1","source":"leave","target":"right","size":1,"type":"arrow"},{"id":"e71","label":"1","source":"right","target":"for","size":1,"type":"arrow"},{"id":"e72","label":"1","source":"for","target":"head","size":1,"type":"arrow"},{"id":"e73","label":"1","source":"head","target":"four","size":1,"type":"arrow"},{"id":"e74","label":"1","source":"four","target":"muscle","size":1,"type":"arrow"},{"id":"e75","label":"1","source":"muscle","target":"quadrants","size":1,"type":"arrow"},{"id":"e76","label":"1","source":"quadrants","target":"are","size":1,"type":"arrow"},{"id":"e77","label":"1","source":"are","target":"wired","size":1,"type":"arrow"},{"id":"e78","label":"1","source":"wired","target":"independently","size":1,"type":"arrow"},{"id":"e79","label":"1","source":"independently","target":"from","size":1,"type":"arrow"},{"id":"e80","label":"1","source":"from","target":"another.","size":1,"type":"arrow"},{"id":"e81","label":"1","source":"another.","target":"wave","size":1,"type":"arrow"},{"id":"e82","label":"2","source":"wave","target":"of","size":2,"type":"arrow"},{"id":"e83","label":"2","source":"of","target":"dorsal/ventral","size":2,"type":"arrow"},{"id":"e84","label":"1","source":"dorsal/ventral","target":"muscle","size":1,"type":"arrow"},{"id":"e85","label":"1","source":"muscle","target":"contractions","size":1,"type":"arrow"},{"id":"e86","label":"1","source":"contractions","target":"proceeds","size":1,"type":"arrow"},{"id":"e87","label":"1","source":"proceeds","target":"from","size":1,"type":"arrow"},{"id":"e88","label":"1","source":"from","target":"back","size":1,"type":"arrow"},{"id":"e89","label":"1","source":"back","target":"to","size":1,"type":"arrow"},{"id":"e90","label":"1","source":"to","target":"front","size":1,"type":"arrow"},{"id":"e91","label":"1","source":"front","target":"of","size":1,"type":"arrow"},{"id":"e92","label":"1","source":"of","target":"animal","size":1,"type":"arrow"},{"id":"e93","label":"2","source":"animal","target":"is","size":2,"type":"arrow"},{"id":"e94","label":"2","source":"is","target":"propelled","size":2,"type":"arrow"},{"id":"e95","label":"1","source":"propelled","target":"backwards.","size":1,"type":"arrow"},{"id":"e96","label":"1","source":"backwards.","target":"wave","size":1,"type":"arrow"},{"id":"e97","label":"1","source":"of","target":"contractions","size":1,"type":"arrow"},{"id":"e98","label":"1","source":"contractions","target":"is","size":1,"type":"arrow"},{"id":"e99","label":"1","source":"is","target":"initiated","size":1,"type":"arrow"},{"id":"e100","label":"1","source":"initiated","target":"at","size":1,"type":"arrow"},{"id":"e101","label":"1","source":"at","target":"front","size":1,"type":"arrow"},{"id":"e102","label":"1","source":"front","target":"proceeds","size":1,"type":"arrow"},{"id":"e103","label":"1","source":"proceeds","target":"posteriorly","size":1,"type":"arrow"},{"id":"e104","label":"1","source":"posteriorly","target":"along","size":1,"type":"arrow"},{"id":"e105","label":"1","source":"along","target":"body","size":1,"type":"arrow"},{"id":"e106","label":"1","source":"body","target":"animal","size":1,"type":"arrow"},{"id":"e107","label":"1","source":"propelled","target":"forwards.","size":1,"type":"arrow"},{"id":"e108","label":"1","source":"forwards.","target":"of","size":1,"type":"arrow"},{"id":"e109","label":"1","source":"dorsal/ventral","target":"bias","size":1,"type":"arrow"},{"id":"e110","label":"1","source":"bias","target":"in","size":1,"type":"arrow"},{"id":"e111","label":"1","source":"in","target":"body","size":1,"type":"arrow"},{"id":"e112","label":"1","source":"body","target":"bend","size":1,"type":"arrow"},{"id":"e113","label":"1","source":"bend","target":"normal","size":1,"type":"arrow"},{"id":"e114","label":"1","source":"normal","target":"living","size":1,"type":"arrow"},{"id":"e115","label":"1","source":"living","target":"moving","size":1,"type":"arrow"},{"id":"e116","label":"1","source":"moving","target":"individual","size":1,"type":"arrow"},{"id":"e117","label":"1","source":"individual","target":"tends","size":1,"type":"arrow"},{"id":"e118","label":"1","source":"tends","target":"to","size":1,"type":"arrow"},{"id":"e119","label":"1","source":"to","target":"lie","size":1,"type":"arrow"},{"id":"e120","label":"1","source":"lie","target":"on","size":1,"type":"arrow"},{"id":"e121","label":"1","source":"on","target":"leave","size":1,"type":"arrow"},{"id":"e122","label":"1","source":"leave","target":"side","size":1,"type":"arrow"},{"id":"e123","label":"1","source":"side","target":"right","size":1,"type":"arrow"},{"id":"e124","label":"1","source":"right","target":"side","size":1,"type":"arrow"},{"id":"e125","label":"1","source":"side","target":"observe","size":1,"type":"arrow"},{"id":"e126","label":"1","source":"observe","target":"crossing","size":1,"type":"arrow"},{"id":"e127","label":"1","source":"crossing","target":"horizontal","size":1,"type":"arrow"},{"id":"e128","label":"1","source":"horizontal","target":"surface.","size":1,"type":"arrow"},{"id":"e129","label":"1","source":"surface.","target":"set","size":1,"type":"arrow"},{"id":"e130","label":"2","source":"set","target":"of","size":2,"type":"arrow"},{"id":"e131","label":"1","source":"of","target":"ridges","size":1,"type":"arrow"},{"id":"e132","label":"1","source":"ridges","target":"on","size":1,"type":"arrow"},{"id":"e133","label":"1","source":"on","target":"lateral","size":1,"type":"arrow"},{"id":"e134","label":"1","source":"lateral","target":"side","size":1,"type":"arrow"},{"id":"e135","label":"1","source":"side","target":"of","size":1,"type":"arrow"},{"id":"e136","label":"1","source":"body","target":"cuticle","size":1,"type":"arrow"},{"id":"e137","label":"1","source":"cuticle","target":"alae","size":1,"type":"arrow"},{"id":"e138","label":"1","source":"alae","target":"is","size":1,"type":"arrow"},{"id":"e139","label":"1","source":"is","target":"believe","size":1,"type":"arrow"},{"id":"e140","label":"1","source":"believe","target":"to","size":1,"type":"arrow"},{"id":"e141","label":"1","source":"to","target":"give","size":1,"type":"arrow"},{"id":"e142","label":"1","source":"give","target":"animal","size":1,"type":"arrow"},{"id":"e143","label":"1","source":"animal","target":"add","size":1,"type":"arrow"},{"id":"e144","label":"1","source":"add","target":"traction","size":1,"type":"arrow"},{"id":"e145","label":"1","source":"traction","target":"during","size":1,"type":"arrow"},{"id":"e146","label":"1","source":"during","target":"bending","size":1,"type":"arrow"},{"id":"e147","label":"1","source":"bending","target":"motions.","size":1,"type":"arrow"},{"id":"e148","label":"1","source":"motions.","target":"lateral","size":1,"type":"arrow"},{"id":"e149","label":"1","source":"lateral","target":"(left)","size":1,"type":"arrow"},{"id":"e150","label":"1","source":"(left)","target":"side","size":1,"type":"arrow"},{"id":"e151","label":"1","source":"side","target":"anatomical","size":1,"type":"arrow"},{"id":"e152","label":"1","source":"anatomical","target":"diagram","size":1,"type":"arrow"},{"id":"e153","label":"1","source":"diagram","target":"of","size":1,"type":"arrow"},{"id":"e154","label":"1","source":"of","target":"an","size":1,"type":"arrow"},{"id":"e155","label":"1","source":"an","target":"adult-stage","size":1,"type":"arrow"},{"id":"e156","label":"1","source":"adult-stage","target":"c.","size":1,"type":"arrow"},{"id":"e157","label":"5","source":"c.","target":"elegans","size":5,"type":"arrow"},{"id":"e158","label":"1","source":"elegans","target":"hermaphrodite","size":1,"type":"arrow"},{"id":"e159","label":"1","source":"hermaphrodite","target":"in","size":1,"type":"arrow"},{"id":"e160","label":"1","source":"in","target":"relation","size":1,"type":"arrow"},{"id":"e161","label":"1","source":"relation","target":"to","size":1,"type":"arrow"},{"id":"e162","label":"1","source":"to","target":"lipid","size":1,"type":"arrow"},{"id":"e163","label":"1","source":"lipid","target":"metabolism","size":1,"type":"arrow"},{"id":"e164","label":"1","source":"metabolism","target":"c.","size":1,"type":"arrow"},{"id":"e165","label":"1","source":"elegans","target":"does","size":1,"type":"arrow"},{"id":"e166","label":"1","source":"does","target":"not","size":1,"type":"arrow"},{"id":"e167","label":"1","source":"not","target":"have","size":1,"type":"arrow"},{"id":"e168","label":"1","source":"have","target":"specialized","size":1,"type":"arrow"},{"id":"e169","label":"1","source":"specialized","target":"adipose","size":1,"type":"arrow"},{"id":"e170","label":"1","source":"adipose","target":"tissues","size":1,"type":"arrow"},{"id":"e171","label":"1","source":"tissues","target":"pancreas","size":1,"type":"arrow"},{"id":"e172","label":"1","source":"pancreas","target":"liver","size":1,"type":"arrow"},{"id":"e173","label":"1","source":"liver","target":"even","size":1,"type":"arrow"},{"id":"e174","label":"1","source":"even","target":"blood","size":1,"type":"arrow"},{"id":"e175","label":"1","source":"blood","target":"to","size":1,"type":"arrow"},{"id":"e176","label":"1","source":"to","target":"deliver","size":1,"type":"arrow"},{"id":"e177","label":"1","source":"deliver","target":"nutrients","size":1,"type":"arrow"},{"id":"e178","label":"1","source":"nutrients","target":"compared","size":1,"type":"arrow"},{"id":"e179","label":"1","source":"compared","target":"to","size":1,"type":"arrow"},{"id":"e180","label":"1","source":"to","target":"mammals.","size":1,"type":"arrow"},{"id":"e181","label":"1","source":"mammals.","target":"neutral","size":1,"type":"arrow"},{"id":"e182","label":"1","source":"neutral","target":"lipids","size":1,"type":"arrow"},{"id":"e183","label":"1","source":"lipids","target":"are","size":1,"type":"arrow"},{"id":"e184","label":"1","source":"are","target":"instead","size":1,"type":"arrow"},{"id":"e185","label":"1","source":"instead","target":"stored","size":1,"type":"arrow"},{"id":"e186","label":"1","source":"stored","target":"in","size":1,"type":"arrow"},{"id":"e187","label":"1","source":"in","target":"intestine","size":1,"type":"arrow"},{"id":"e188","label":"1","source":"intestine","target":"epidermis","size":1,"type":"arrow"},{"id":"e189","label":"1","source":"epidermis","target":"embryos.","size":1,"type":"arrow"},{"id":"e190","label":"1","source":"embryos.","target":"epidermis","size":1,"type":"arrow"},{"id":"e191","label":"1","source":"epidermis","target":"corresponds","size":1,"type":"arrow"},{"id":"e192","label":"1","source":"corresponds","target":"to","size":1,"type":"arrow"},{"id":"e193","label":"1","source":"to","target":"mammalian","size":1,"type":"arrow"},{"id":"e194","label":"1","source":"mammalian","target":"adipocytes","size":1,"type":"arrow"},{"id":"e195","label":"1","source":"adipocytes","target":"by","size":1,"type":"arrow"},{"id":"e196","label":"1","source":"by","target":"being","size":1,"type":"arrow"},{"id":"e197","label":"1","source":"being","target":"main","size":1,"type":"arrow"},{"id":"e198","label":"1","source":"main","target":"triglyceride","size":1,"type":"arrow"},{"id":"e199","label":"1","source":"triglyceride","target":"depot.","size":1,"type":"arrow"},{"id":"e200","label":"1","source":"depot.","target":"pharynx","size":1,"type":"arrow"},{"id":"e201","label":"1","source":"pharynx","target":"is","size":1,"type":"arrow"},{"id":"e202","label":"1","source":"is","target":"muscular","size":1,"type":"arrow"},{"id":"e203","label":"1","source":"muscular","target":"food","size":1,"type":"arrow"},{"id":"e204","label":"1","source":"food","target":"pump","size":1,"type":"arrow"},{"id":"e205","label":"1","source":"pump","target":"in","size":1,"type":"arrow"},{"id":"e206","label":"1","source":"in","target":"head","size":1,"type":"arrow"},{"id":"e207","label":"1","source":"head","target":"of","size":1,"type":"arrow"},{"id":"e208","label":"1","source":"of","target":"c.","size":1,"type":"arrow"},{"id":"e209","label":"1","source":"is","target":"triangular","size":1,"type":"arrow"},{"id":"e210","label":"1","source":"triangular","target":"in","size":1,"type":"arrow"},{"id":"e211","label":"1","source":"in","target":"cross-section.","size":1,"type":"arrow"},{"id":"e212","label":"1","source":"cross-section.","target":"grinds","size":1,"type":"arrow"},{"id":"e213","label":"1","source":"grinds","target":"food","size":1,"type":"arrow"},{"id":"e214","label":"1","source":"food","target":"transports","size":1,"type":"arrow"},{"id":"e215","label":"1","source":"transports","target":"directly","size":1,"type":"arrow"},{"id":"e216","label":"1","source":"directly","target":"to","size":1,"type":"arrow"},{"id":"e217","label":"1","source":"to","target":"intestine.","size":1,"type":"arrow"},{"id":"e218","label":"1","source":"intestine.","target":"set","size":1,"type":"arrow"},{"id":"e219","label":"1","source":"of","target":"valve","size":1,"type":"arrow"},{"id":"e220","label":"1","source":"valve","target":"cell","size":1,"type":"arrow"},{"id":"e221","label":"1","source":"cell","target":"connects","size":1,"type":"arrow"},{"id":"e222","label":"1","source":"connects","target":"pharynx","size":1,"type":"arrow"},{"id":"e223","label":"1","source":"pharynx","target":"to","size":1,"type":"arrow"},{"id":"e224","label":"1","source":"to","target":"intestine","size":1,"type":"arrow"},{"id":"e225","label":"1","source":"intestine","target":"how","size":1,"type":"arrow"},{"id":"e226","label":"1","source":"how","target":"valve","size":1,"type":"arrow"},{"id":"e227","label":"1","source":"valve","target":"operates","size":1,"type":"arrow"},{"id":"e228","label":"1","source":"operates","target":"is","size":1,"type":"arrow"},{"id":"e229","label":"1","source":"is","target":"not","size":1,"type":"arrow"},{"id":"e230","label":"1","source":"not","target":"understood.","size":1,"type":"arrow"},{"id":"e231","label":"1","source":"understood.","target":"digestion","size":1,"type":"arrow"},{"id":"e232","label":"1","source":"digestion","target":"contents","size":1,"type":"arrow"},{"id":"e233","label":"1","source":"contents","target":"of","size":1,"type":"arrow"},{"id":"e234","label":"1","source":"of","target":"intestine","size":1,"type":"arrow"},{"id":"e235","label":"1","source":"intestine","target":"are","size":1,"type":"arrow"},{"id":"e236","label":"1","source":"are","target":"released","size":1,"type":"arrow"},{"id":"e237","label":"1","source":"released","target":"via","size":1,"type":"arrow"},{"id":"e238","label":"1","source":"via","target":"rectum","size":1,"type":"arrow"},{"id":"e239","label":"1","source":"rectum","target":"is","size":1,"type":"arrow"},{"id":"e240","label":"1","source":"is","target":"case","size":1,"type":"arrow"},{"id":"e241","label":"1","source":"case","target":"nematodes.","size":1,"type":"arrow"},{"id":"e242","label":"1","source":"nematodes.","target":"no","size":1,"type":"arrow"},{"id":"e243","label":"1","source":"no","target":"direct","size":1,"type":"arrow"},{"id":"e244","label":"1","source":"direct","target":"connection","size":1,"type":"arrow"},{"id":"e245","label":"1","source":"connection","target":"exists","size":1,"type":"arrow"},{"id":"e246","label":"1","source":"exists","target":"between","size":1,"type":"arrow"},{"id":"e247","label":"1","source":"between","target":"pharynx","size":1,"type":"arrow"},{"id":"e248","label":"1","source":"pharynx","target":"excretory","size":1,"type":"arrow"},{"id":"e249","label":"1","source":"excretory","target":"canal","size":1,"type":"arrow"},{"id":"e250","label":"1","source":"canal","target":"functions","size":1,"type":"arrow"},{"id":"e251","label":"1","source":"functions","target":"in","size":1,"type":"arrow"},{"id":"e252","label":"1","source":"in","target":"release","size":1,"type":"arrow"},{"id":"e253","label":"1","source":"release","target":"of","size":1,"type":"arrow"},{"id":"e254","label":"1","source":"of","target":"liquid","size":1,"type":"arrow"},{"id":"e255","label":"1","source":"liquid","target":"urine.","size":1,"type":"arrow"},{"id":"e256","label":"1","source":"urine.","target":"male","size":1,"type":"arrow"},{"id":"e257","label":"1","source":"male","target":"have","size":1,"type":"arrow"},{"id":"e258","label":"1","source":"have","target":"single-lobed","size":1,"type":"arrow"},{"id":"e259","label":"1","source":"single-lobed","target":"gonad","size":1,"type":"arrow"},{"id":"e260","label":"1","source":"gonad","target":"vas","size":1,"type":"arrow"},{"id":"e261","label":"1","source":"vas","target":"deferens","size":1,"type":"arrow"},{"id":"e262","label":"1","source":"deferens","target":"tail","size":1,"type":"arrow"},{"id":"e263","label":"1","source":"tail","target":"specialized","size":1,"type":"arrow"},{"id":"e264","label":"1","source":"specialized","target":"for","size":1,"type":"arrow"},{"id":"e265","label":"1","source":"for","target":"mating","size":1,"type":"arrow"},{"id":"e266","label":"1","source":"mating","target":"incorporates","size":1,"type":"arrow"},{"id":"e267","label":"1","source":"incorporates","target":"spicules.","size":1,"type":"arrow"},{"id":"e268","label":"1","source":"spicules.","target":"hermaphrodites","size":1,"type":"arrow"},{"id":"e269","label":"1","source":"hermaphrodites","target":"have","size":1,"type":"arrow"},{"id":"e270","label":"1","source":"have","target":"two","size":1,"type":"arrow"},{"id":"e271","label":"1","source":"two","target":"ovaries","size":1,"type":"arrow"},{"id":"e272","label":"1","source":"ovaries","target":"oviducts","size":1,"type":"arrow"},{"id":"e273","label":"1","source":"oviducts","target":"spermatheca","size":1,"type":"arrow"},{"id":"e274","label":"1","source":"spermatheca","target":"single","size":1,"type":"arrow"},{"id":"e275","label":"1","source":"single","target":"uterus.","size":1,"type":"arrow"},{"id":"e276","label":"1","source":"uterus.","target":"c.","size":1,"type":"arrow"},{"id":"e277","label":"1","source":"elegans","target":"neurons","size":1,"type":"arrow"},{"id":"e278","label":"1","source":"neurons","target":"contain","size":1,"type":"arrow"},{"id":"e279","label":"1","source":"contain","target":"dendrites","size":1,"type":"arrow"},{"id":"e280","label":"1","source":"dendrites","target":"extend","size":1,"type":"arrow"},{"id":"e281","label":"1","source":"extend","target":"from","size":1,"type":"arrow"},{"id":"e282","label":"1","source":"from","target":"cell","size":1,"type":"arrow"},{"id":"e283","label":"1","source":"cell","target":"to","size":1,"type":"arrow"},{"id":"e284","label":"1","source":"to","target":"receive","size":1,"type":"arrow"},{"id":"e285","label":"1","source":"receive","target":"neurotransmitters","size":1,"type":"arrow"},{"id":"e286","label":"1","source":"neurotransmitters","target":"process","size":1,"type":"arrow"},{"id":"e287","label":"1","source":"process","target":"extends","size":1,"type":"arrow"},{"id":"e288","label":"1","source":"extends","target":"to","size":1,"type":"arrow"},{"id":"e289","label":"1","source":"to","target":"nerve","size":1,"type":"arrow"},{"id":"e290","label":"1","source":"nerve","target":"ring","size":1,"type":"arrow"},{"id":"e291","label":"1","source":"ring","target":"(the brain)","size":1,"type":"arrow"},{"id":"e292","label":"1","source":"(the brain)","target":"for","size":1,"type":"arrow"},{"id":"e293","label":"1","source":"for","target":"synaptic","size":1,"type":"arrow"},{"id":"e294","label":"1","source":"synaptic","target":"connection","size":1,"type":"arrow"},{"id":"e295","label":"1","source":"connection","target":"between","size":1,"type":"arrow"},{"id":"e296","label":"1","source":"between","target":"neurons.","size":1,"type":"arrow"},{"id":"e297","label":"1","source":"neurons.","target":"biggest","size":1,"type":"arrow"},{"id":"e298","label":"1","source":"biggest","target":"difference","size":1,"type":"arrow"},{"id":"e299","label":"1","source":"difference","target":"is","size":1,"type":"arrow"},{"id":"e300","label":"1","source":"is","target":"c.","size":1,"type":"arrow"},{"id":"e301","label":"1","source":"elegans","target":"has","size":1,"type":"arrow"},{"id":"e302","label":"1","source":"has","target":"motor","size":1,"type":"arrow"},{"id":"e303","label":"1","source":"motor","target":"excitatory","size":1,"type":"arrow"},{"id":"e304","label":"1","source":"excitatory","target":"inhibitory","size":1,"type":"arrow"},{"id":"e305","label":"1","source":"inhibitory","target":"neurons","size":1,"type":"arrow"},{"id":"e306","label":"1","source":"neurons","target":"know","size":1,"type":"arrow"},{"id":"e307","label":"1","source":"know","target":"cholinergic","size":1,"type":"arrow"},{"id":"e308","label":"1","source":"cholinergic","target":"gabaergic","size":1,"type":"arrow"},{"id":"e309","label":"1","source":"gabaergic","target":"neurons","size":1,"type":"arrow"},{"id":"e310","label":"1","source":"neurons","target":"simply","size":1,"type":"arrow"},{"id":"e311","label":"1","source":"simply","target":"act","size":1,"type":"arrow"},{"id":"e312","label":"1","source":"act","target":"further","size":1,"type":"arrow"},{"id":"e313","label":"1","source":"further","target":"regulation","size":1,"type":"arrow"},{"id":"e314","label":"1","source":"regulation","target":"for","size":1,"type":"arrow"},{"id":"e315","label":"1","source":"for","target":"tiny","size":1,"type":"arrow"},{"id":"e316","label":"1","source":"tiny","target":"creature.","size":1,"type":"arrow"},{"id":"e317","label":"1","source":"creature.","target":"have","size":1,"type":"arrow"},{"id":"e318","label":"1","source":"have","target":"no","size":1,"type":"arrow"},{"id":"e319","label":"1","source":"no","target":"influence","size":1,"type":"arrow"},{"id":"e320","label":"1","source":"influence","target":"on","size":1,"type":"arrow"},{"id":"e321","label":"1","source":"on","target":"nervous","size":1,"type":"arrow"},{"id":"e322","label":"1","source":"nervous","target":"system","size":1,"type":"arrow"},{"id":"e323","label":"1","source":"system","target":"besides","size":1,"type":"arrow"},{"id":"e324","label":"1","source":"besides","target":"regulating","size":1,"type":"arrow"},{"id":"e325","label":"1","source":"regulating","target":"neuron","size":1,"type":"arrow"},{"id":"e326","label":"1","source":"neuron","target":"impulses.","size":1,"type":"arrow"}],"numberOfSentences":9,"vocabulary":220,"density":[null,0.11904761904761904,0.051470588235294115,0.03804347826086957,0.029233870967741934,0.0285204991087344,0.025,0.021739130434782608,0.006787048567870485]}