{"nodes":[{"id":"robot","label":"robot","x":0.29648163932305316,"y":0.26144756667945623,"size":3,"class":"Noun","subClass":"Singular","subSubClass":"Unknown"},{"id":"may","label":"may","x":0.5931332851170295,"y":0.7453489806338573,"size":1,"class":"Name","subClass":"Name","subSubClass":"Unknown"},{"id":"not","label":"not","x":0.5422346162801122,"y":0.0130080242319639,"size":2,"class":"Adverb","subClass":"NegativeAdverb","subSubClass":"Unknown"},{"id":"injure","label":"injure","x":0.9521414610286674,"y":0.16172299978849036,"size":1,"class":"RegularVerb","subClass":"Infinitive","subSubClass":"Unknown"},{"id":"human","label":"human","x":0.1119140118811377,"y":0.44924012141146585,"size":3,"class":"Noun","subClass":"Singular","subSubClass":"Unknown"},{"id":"being","label":"being","x":0.3465338009723711,"y":0.005854984179147982,"size":3,"class":"Noun","subClass":"Singular","subSubClass":"Unknown"},{"id":"through","label":"through","x":0.36713946061570946,"y":0.2940615526256076,"size":1,"class":"Adverb","subClass":"Adverb","subSubClass":"Unknown"},{"id":"inaction","label":"inaction","x":0.16930451892543674,"y":0.6480918852493989,"size":1,"class":"Noun","subClass":"Singular","subSubClass":"Unknown"},{"id":"allow","label":"allow","x":0.9431785940154389,"y":0.7201404482007863,"size":1,"class":"RegularVerb","subClass":"Infinitive","subSubClass":"Unknown"},{"id":"to","label":"to","x":0.266053406823584,"y":0.1638811776407414,"size":2,"class":"Adverb","subClass":"Adverb","subSubClass":"Unknown"},{"id":"come","label":"come","x":0.2833265240191034,"y":0.6505028940653155,"size":1,"class":"IrregularVerb","subClass":"Infinitive","subSubClass":"Unknown"},{"id":"harm","label":"harm","x":0.7826900297300281,"y":0.9336613598482488,"size":1,"class":"Noun","subClass":"Singular","subSubClass":"Unknown"},{"id":"must","label":"must","x":0.4676074993485564,"y":0.05449297471213055,"size":2,"class":"IrregularVerb","subClass":"Infinitive","subSubClass":"Unknown"},{"id":"obey","label":"obey","x":0.4318629600035093,"y":0.2778632810221755,"size":1,"class":"RegularVerb","subClass":"Infinitive","subSubClass":"Unknown"},{"id":"order","label":"order","x":0.05595411732708233,"y":0.09844986361923769,"size":2,"class":"Noun","subClass":"Plural","subSubClass":"Unknown"},{"id":"give","label":"give","x":0.7393682795231344,"y":0.7992389690653083,"size":1,"class":"IrregularVerb","subClass":"PastParticiple","subSubClass":"Unknown"},{"id":"by","label":"by","x":0.5246366223209171,"y":0.2724980186143455,"size":1,"class":"Adverb","subClass":"Adverb","subSubClass":"Unknown"},{"id":"will","label":"will","x":0.12493103819271911,"y":0.044465806850459755,"size":1,"class":"IrregularVerb","subClass":"SimplePast","subSubClass":"Unknown"},{"id":"conflict","label":"conflict","x":0.6802273666145047,"y":0.7170094339176221,"size":2,"class":"Noun","subClass":"Singular","subSubClass":"Unknown"},{"id":"first","label":"first","x":0.5894752215997037,"y":0.6249683790807326,"size":2,"class":"Adverb","subClass":"Adverb","subSubClass":"Unknown"},{"id":"law","label":"law","x":0.6251782966166928,"y":0.08654799026839766,"size":2,"class":"Noun","subClass":"Singular","subSubClass":"Unknown"},{"id":"protect","label":"protect","x":0.6305926124043626,"y":0.5352588771849436,"size":1,"class":"RegularVerb","subClass":"Infinitive","subSubClass":"Unknown"},{"id":"existence","label":"existence","x":0.3615474053194081,"y":0.2621436820251464,"size":1,"class":"Noun","subClass":"Singular","subSubClass":"Unknown"},{"id":"long","label":"long","x":0.5649275253720063,"y":0.05364964820794005,"size":1,"class":"Noun","subClass":"Singular","subSubClass":"Unknown"},{"id":"protection","label":"protection","x":0.8795024734057562,"y":0.2691438982619898,"size":1,"class":"Noun","subClass":"Singular","subSubClass":"Unknown"},{"id":"does","label":"does","x":0.672808294178987,"y":0.888100748651262,"size":1,"class":"Unknown","subClass":"Unknown","subSubClass":"Unknown"},{"id":"second","label":"second","x":0.7943511610939702,"y":0.16125802916962595,"size":1,"class":"Noun","subClass":"Singular","subSubClass":"Unknown"}],"edges":[{"id":"e0","label":"1","source":"robot","target":"may","size":1,"type":"arrow"},{"id":"e1","label":"1","source":"may","target":"not","size":1,"type":"arrow"},{"id":"e2","label":"1","source":"not","target":"injure","size":1,"type":"arrow"},{"id":"e3","label":"1","source":"injure","target":"human","size":1,"type":"arrow"},{"id":"e4","label":"3","source":"human","target":"being","size":3,"type":"arrow"},{"id":"e5","label":"1","source":"being","target":"through","size":1,"type":"arrow"},{"id":"e6","label":"1","source":"through","target":"inaction","size":1,"type":"arrow"},{"id":"e7","label":"1","source":"inaction","target":"allow","size":1,"type":"arrow"},{"id":"e8","label":"1","source":"allow","target":"human","size":1,"type":"arrow"},{"id":"e9","label":"1","source":"being","target":"to","size":1,"type":"arrow"},{"id":"e10","label":"1","source":"to","target":"come","size":1,"type":"arrow"},{"id":"e11","label":"1","source":"come","target":"to","size":1,"type":"arrow"},{"id":"e12","label":"1","source":"to","target":"harm","size":1,"type":"arrow"},{"id":"e13","label":"2","source":"robot","target":"must","size":2,"type":"arrow"},{"id":"e14","label":"1","source":"must","target":"obey","size":1,"type":"arrow"},{"id":"e15","label":"1","source":"obey","target":"order","size":1,"type":"arrow"},{"id":"e16","label":"1","source":"order","target":"give","size":1,"type":"arrow"},{"id":"e17","label":"1","source":"give","target":"by","size":1,"type":"arrow"},{"id":"e18","label":"1","source":"by","target":"human","size":1,"type":"arrow"},{"id":"e19","label":"1","source":"being","target":"order","size":1,"type":"arrow"},{"id":"e20","label":"1","source":"order","target":"will","size":1,"type":"arrow"},{"id":"e21","label":"1","source":"will","target":"conflict","size":1,"type":"arrow"},{"id":"e22","label":"2","source":"conflict","target":"first","size":2,"type":"arrow"},{"id":"e23","label":"1","source":"first","target":"law","size":1,"type":"arrow"},{"id":"e24","label":"1","source":"must","target":"protect","size":1,"type":"arrow"},{"id":"e25","label":"1","source":"protect","target":"existence","size":1,"type":"arrow"},{"id":"e26","label":"1","source":"existence","target":"long","size":1,"type":"arrow"},{"id":"e27","label":"1","source":"long","target":"protection","size":1,"type":"arrow"},{"id":"e28","label":"1","source":"protection","target":"does","size":1,"type":"arrow"},{"id":"e29","label":"1","source":"does","target":"not","size":1,"type":"arrow"},{"id":"e30","label":"1","source":"not","target":"conflict","size":1,"type":"arrow"},{"id":"e31","label":"1","source":"first","target":"second","size":1,"type":"arrow"},{"id":"e32","label":"1","source":"second","target":"law","size":1,"type":"arrow"}],"numberOfSentences":4,"vocabulary":27,"density":[0.09848484848484848,0.05714285714285714,0.04700854700854701]}