[[{"class":"Noun","subClass":"Singular","subSubClass":"Unknown","object":"robot"},{"class":"Name","subClass":"Name","subSubClass":"Unknown","object":"may"},{"class":"Adverb","subClass":"NegativeAdverb","subSubClass":"Unknown","object":"not"},{"class":"RegularVerb","subClass":"Infinitive","subSubClass":"Unknown","object":"injure"},{"class":"Noun","subClass":"Singular","subSubClass":"Unknown","object":"human"},{"class":"Noun","subClass":"Singular","subSubClass":"Unknown","object":"being"},{"class":"Adverb","subClass":"Adverb","subSubClass":"Unknown","object":"through"},{"class":"Noun","subClass":"Singular","subSubClass":"Unknown","object":"inaction"},{"class":"RegularVerb","subClass":"Infinitive","subSubClass":"Unknown","object":"allow"},{"class":"Noun","subClass":"Singular","subSubClass":"Unknown","object":"human"},{"class":"Noun","subClass":"Singular","subSubClass":"Unknown","object":"being"},{"class":"Adverb","subClass":"Adverb","subSubClass":"Unknown","object":"to"},{"class":"IrregularVerb","subClass":"Infinitive","subSubClass":"Unknown","object":"come"},{"class":"Adverb","subClass":"Adverb","subSubClass":"Unknown","object":"to"},{"class":"Noun","subClass":"Singular","subSubClass":"Unknown","object":"harm"}],[{"class":"Noun","subClass":"Singular","subSubClass":"Unknown","object":"robot"},{"class":"IrregularVerb","subClass":"Infinitive","subSubClass":"Unknown","object":"must"},{"class":"RegularVerb","subClass":"Infinitive","subSubClass":"Unknown","object":"obey"},{"class":"Noun","subClass":"Plural","subSubClass":"Unknown","object":"order"},{"class":"IrregularVerb","subClass":"PastParticiple","subSubClass":"Unknown","object":"give"},{"class":"Adverb","subClass":"Adverb","subSubClass":"Unknown","object":"by"},{"class":"Noun","subClass":"Singular","subSubClass":"Unknown","object":"human"},{"class":"Noun","subClass":"Plural","subSubClass":"Unknown","object":"being"},{"class":"Noun","subClass":"Plural","subSubClass":"Unknown","object":"order"},{"class":"IrregularVerb","subClass":"SimplePast","subSubClass":"Unknown","object":"will"},{"class":"Noun","subClass":"Singular","subSubClass":"Unknown","object":"conflict"},{"class":"Adverb","subClass":"Adverb","subSubClass":"Unknown","object":"first"},{"class":"Noun","subClass":"Singular","subSubClass":"Unknown","object":"law"}],[{"class":"Noun","subClass":"Singular","subSubClass":"Unknown","object":"robot"},{"class":"IrregularVerb","subClass":"Infinitive","subSubClass":"Unknown","object":"must"},{"class":"RegularVerb","subClass":"Infinitive","subSubClass":"Unknown","object":"protect"},{"class":"Noun","subClass":"Singular","subSubClass":"Unknown","object":"existence"},{"class":"Noun","subClass":"Singular","subSubClass":"Unknown","object":"long"},{"class":"Noun","subClass":"Singular","subSubClass":"Unknown","object":"protection"},{"class":"Unknown","subClass":"Unknown","subSubClass":"Unknown","object":"does"},{"class":"Adverb","subClass":"NegativeAdverb","subSubClass":"Unknown","object":"not"},{"class":"Noun","subClass":"Singular","subSubClass":"Unknown","object":"conflict"},{"class":"Adverb","subClass":"Adverb","subSubClass":"Unknown","object":"first"},{"class":"Noun","subClass":"Singular","subSubClass":"Unknown","object":"second"},{"class":"Noun","subClass":"Singular","subSubClass":"Unknown","object":"law"}],[]]